,signal,col2,anot,sel_peak
0,356,4.69,,np
1,357,4.685,,np
2,358,4.695,,np
3,359,4.695,,np
4,360,4.67,,np
5,361,4.665,,np
6,362,4.69,,np
7,363,4.68,,np
8,364,4.68,,np
9,365,4.665,,np
10,366,4.685,,np
11,367,4.685,,np
12,368,4.675,,np
13,369,4.67,,np
14,370,4.68,,np
15,371,4.69,,np
16,372,4.68,,np
17,373,4.675,,np
18,374,4.68,,np
19,375,4.685,,np
20,376,4.685,,np
21,377,4.68,,np
22,378,4.685,,np
23,379,4.695,,np
24,380,4.685,,np
25,381,4.68,,np
26,382,4.685,,np
27,383,4.695,,np
28,384,4.69,,np
29,385,4.685,,np
0,720,5.955,,np
1,721,5.58,,np
2,722,5.035,,np
3,723,4.66,,np
4,724,4.58,,np
5,725,4.585,,np
6,726,4.715,,np
7,727,4.71,,np
8,728,4.715,,np
9,729,4.735,,np
10,730,4.73,,np
11,731,4.725,,np
12,732,4.725,,np
13,733,4.725,,np
14,734,4.725,,np
15,735,4.73,,np
16,736,4.715,,np
17,737,4.72,,np
18,738,4.73,,np
19,739,4.72,,np
20,740,4.71,,np
21,741,4.705,,np
22,742,4.715,,np
23,743,4.72,,np
24,744,4.705,,np
25,745,4.705,,np
26,746,4.715,,np
27,747,4.71,,np
28,748,4.7,,np
29,749,4.71,,np
0,768,4.725,,np
1,769,4.705,,np
2,770,4.72,,np
3,771,4.745,,np
4,772,4.735,,np
5,773,4.71,,np
6,774,4.705,,np
7,775,4.7,,np
8,776,4.685,,np
9,777,4.685,,np
10,778,4.695,,np
11,779,4.705,,np
12,780,4.71,,np
13,781,4.69,,np
14,782,4.68,,np
15,783,4.685,,np
16,784,4.69,,np
17,785,4.675,,np
18,786,4.675,,np
19,787,4.69,,np
20,788,4.695,,np
21,789,4.69,,np
22,790,4.695,,np
23,791,4.73,,np
24,792,4.77,,np
25,793,4.785,,np
26,794,4.77,,np
27,795,4.78,,np
28,796,4.805,,np
29,797,4.8,,np
0,1312,4.69,,np
1,1313,4.705,,np
2,1314,4.7,,np
3,1315,4.695,,np
4,1316,4.7,,np
5,1317,4.705,,np
6,1318,4.7,,np
7,1319,4.695,,np
8,1320,4.705,,np
9,1321,4.7,,np
10,1322,4.685,,np
11,1323,4.675,,np
12,1324,4.685,,np
13,1325,4.69,,np
14,1326,4.695,,np
15,1327,4.7,,np
16,1328,4.68,,np
17,1329,4.7,,np
18,1330,4.705,,np
19,1331,4.705,,np
20,1332,4.7,,np
21,1333,4.695,,np
22,1334,4.7,,np
23,1335,4.685,,np
24,1336,4.68,,np
25,1337,4.685,,np
26,1338,4.7,,np
27,1339,4.69,,np
28,1340,4.675,,np
29,1341,4.695,,np
0,1856,4.85,,np
1,1857,4.82,,np
2,1858,4.81,,np
3,1859,4.795,,np
4,1860,4.775,,np
5,1861,4.78,,np
6,1862,4.785,,np
7,1863,4.795,,np
8,1864,4.775,,np
9,1865,4.77,,np
10,1866,4.77,,np
11,1867,4.78,,np
12,1868,4.78,,np
13,1869,4.77,,np
14,1870,4.77,,np
15,1871,4.79,,np
16,1872,4.775,,np
17,1873,4.765,,np
18,1874,4.765,,np
19,1875,4.76,,np
20,1876,4.735,,np
21,1877,4.68,,np
22,1878,4.65,,np
23,1879,4.67,,np
24,1880,4.64,,np
25,1881,4.565,,np
26,1882,4.51,,np
27,1883,4.555,,np
28,1884,4.615,,np
29,1885,4.735,,np
0,1909,4.75,,np
1,1910,4.73,,np
2,1911,4.73,,np
3,1912,4.735,,np
4,1913,4.74,,np
5,1914,4.735,,np
6,1915,4.73,,np
7,1916,4.735,,np
8,1917,4.74,,np
9,1918,4.735,,np
10,1919,4.73,,np
11,1920,4.74,,np
12,1921,4.745,,np
13,1922,4.75,,np
14,1923,4.73,,np
15,1924,4.73,,np
16,1925,4.735,,np
17,1926,4.745,,np
18,1927,4.74,,np
19,1928,4.73,,np
20,1929,4.75,,np
21,1930,4.75,,np
22,1931,4.735,,np
23,1932,4.725,,np
24,1933,4.74,,np
25,1934,4.75,,np
26,1935,4.74,,np
27,1936,4.735,,np
28,1937,4.75,,np
29,1938,4.76,,np
0,2724,4.815,,np
1,2725,4.82,,np
2,2726,4.84,,np
3,2727,4.845,,np
4,2728,4.85,,np
5,2729,4.855,,np
6,2730,4.85,,np
7,2731,4.84,,np
8,2732,4.845,,np
9,2733,4.845,,np
10,2734,4.85,,np
11,2735,4.85,,np
12,2736,4.84,,np
13,2737,4.84,,np
14,2738,4.855,,np
15,2739,4.845,,np
16,2740,4.815,,np
17,2741,4.83,,np
18,2742,4.83,,np
19,2743,4.835,,np
20,2744,4.82,,np
21,2745,4.82,,np
22,2746,4.835,,np
23,2747,4.825,,np
24,2748,4.825,,np
25,2749,4.81,,np
26,2750,4.815,,np
27,2751,4.82,,np
28,2752,4.825,,np
29,2753,4.815,,np
0,2778,4.785,,np
1,2779,4.795,,np
2,2780,4.8,,np
3,2781,4.795,,np
4,2782,4.785,,np
5,2783,4.82,,np
6,2784,4.83,,np
7,2785,4.84,,np
8,2786,4.835,,np
9,2787,4.86,,np
10,2788,4.87,,np
11,2789,4.875,,np
12,2790,4.875,,np
13,2791,4.885,,np
14,2792,4.905,,np
15,2793,4.92,,np
16,2794,4.92,,np
17,2795,4.915,,np
18,2796,4.92,,np
19,2797,4.9,,np
20,2798,4.895,,np
21,2799,4.89,,np
22,2800,4.895,,np
23,2801,4.91,,np
24,2802,4.915,,np
25,2803,4.91,,np
26,2804,4.88,,np
27,2805,4.855,,np
28,2806,4.835,,np
29,2807,4.81,,np
0,3322,4.875,,np
1,3323,4.875,,np
2,3324,4.875,,np
3,3325,4.88,,np
4,3326,4.89,,np
5,3327,4.885,,np
6,3328,4.875,,np
7,3329,4.88,,np
8,3330,4.895,,np
9,3331,4.885,,np
10,3332,4.87,,np
11,3333,4.875,,np
12,3334,4.885,,np
13,3335,4.885,,np
14,3336,4.88,,np
15,3337,4.86,,np
16,3338,4.88,,np
17,3339,4.865,,np
18,3340,4.845,,np
19,3341,4.855,,np
20,3342,4.865,,np
21,3343,4.875,,np
22,3344,4.86,,np
23,3345,4.845,,np
24,3346,4.845,,np
25,3347,4.855,,np
26,3348,4.85,,np
27,3349,4.845,,np
28,3350,4.845,,np
29,3351,4.865,,np
0,3628,4.735,,np
1,3629,4.75,,np
2,3630,4.755,,np
3,3631,4.765,,np
4,3632,4.745,,np
5,3633,4.74,,np
6,3634,4.755,,np
7,3635,4.765,,np
8,3636,4.74,,np
9,3637,4.74,,np
10,3638,4.755,,np
11,3639,4.765,,np
12,3640,4.755,,np
13,3641,4.755,,np
14,3642,4.765,,np
15,3643,4.765,,np
16,3644,4.74,,np
17,3645,4.735,,np
18,3646,4.75,,np
19,3647,4.765,,np
20,3648,4.755,,np
21,3649,4.75,,np
22,3650,4.755,,np
23,3651,4.775,,np
24,3652,4.775,,np
25,3653,4.755,,np
26,3654,4.775,,np
27,3655,4.79,,np
28,3656,4.775,,np
29,3657,4.75,,np
0,3676,4.765,,np
1,3677,4.77,,np
2,3678,4.77,,np
3,3679,4.8,,np
4,3680,4.835,,np
5,3681,4.84,,np
6,3682,4.845,,np
7,3683,4.865,,np
8,3684,4.89,,np
9,3685,4.895,,np
10,3686,4.895,,np
11,3687,4.91,,np
12,3688,4.92,,np
13,3689,4.925,,np
14,3690,4.91,,np
15,3691,4.915,,np
16,3692,4.925,,np
17,3693,4.935,,np
18,3694,4.92,,np
19,3695,4.915,,np
20,3696,4.93,,np
21,3697,4.935,,np
22,3698,4.93,,np
23,3699,4.92,,np
24,3700,4.92,,np
25,3701,4.925,,np
26,3702,4.93,,np
27,3703,4.915,,np
28,3704,4.91,,np
29,3705,4.92,,np
0,3980,4.745,,np
1,3981,4.75,,np
2,3982,4.74,,np
3,3983,4.735,,np
4,3984,4.74,,np
5,3985,4.74,,np
6,3986,4.72,,np
7,3987,4.705,,np
8,3988,4.7,,np
9,3989,4.705,,np
10,3990,4.715,,np
11,3991,4.72,,np
12,3992,4.725,,np
13,3993,4.735,,np
14,3994,4.725,,np
15,3995,4.715,,np
16,3996,4.71,,np
17,3997,4.72,,np
18,3998,4.705,,np
19,3999,4.69,,np
20,4000,4.69,,np
21,4001,4.69,,np
22,4002,4.69,,np
23,4003,4.715,,np
24,4004,4.71,,np
25,4005,4.71,,np
26,4006,4.7,,np
27,4007,4.715,,np
28,4008,4.72,,np
29,4009,4.725,,np
0,4758,4.57,,np
1,4759,4.585,,np
2,4760,4.6,,np
3,4761,4.6,,np
4,4762,4.59,,np
5,4763,4.605,,np
6,4764,4.6,,np
7,4765,4.61,,np
8,4766,4.63,,np
9,4767,4.655,,np
10,4768,4.68,,np
11,4769,4.685,,np
12,4770,4.685,,np
13,4771,4.71,,np
14,4772,4.72,,np
15,4773,4.725,,np
16,4774,4.725,,np
17,4775,4.72,,np
18,4776,4.72,,np
19,4777,4.73,,np
20,4778,4.73,,np
21,4779,4.735,,np
22,4780,4.765,,np
23,4781,4.76,,np
24,4782,4.77,,np
25,4783,4.77,,np
26,4784,4.775,,np
27,4785,4.76,,np
28,4786,4.735,,np
29,4787,4.72,,np
0,4859,4.695,,np
1,4860,4.7,,np
2,4861,4.695,,np
3,4862,4.695,,np
4,4863,4.7,,np
5,4864,4.7,,np
6,4865,4.69,,np
7,4866,4.675,,np
8,4867,4.68,,np
9,4868,4.685,,np
10,4869,4.675,,np
11,4870,4.665,,np
12,4871,4.64,,np
13,4872,4.6,,np
14,4873,4.565,,np
15,4874,4.525,,np
16,4875,4.51,,np
17,4876,4.555,,np
18,4877,4.69,,np
19,4878,4.87,,np
20,4879,5.05,,np
21,4880,5.28,,np
22,4881,5.575,,np
23,4882,5.825,,np
24,4883,5.975,,np
25,4884,6.095,,np
26,4885,6.025,,np
27,4886,5.62,,np
28,4887,5.0,,np
29,4888,4.605,,np
0,4908,4.605,,np
1,4909,4.62,,np
2,4910,4.635,,np
3,4911,4.62,,np
4,4912,4.62,,np
5,4913,4.62,,np
6,4914,4.63,,np
7,4915,4.615,,np
8,4916,4.61,,np
9,4917,4.635,,np
10,4918,4.63,,np
11,4919,4.615,,np
12,4920,4.615,,np
13,4921,4.605,,np
14,4922,4.625,,np
15,4923,4.61,,np
16,4924,4.6,,np
17,4925,4.595,,np
18,4926,4.615,,np
19,4927,4.62,,np
20,4928,4.62,,np
21,4929,4.615,,np
22,4930,4.62,,np
23,4931,4.615,,np
24,4932,4.605,,np
25,4933,4.6,,np
26,4934,4.61,,np
27,4935,4.605,,np
28,4936,4.595,,np
29,4937,4.585,,np
0,5468,4.62,,np
1,5469,4.635,,np
2,5470,4.635,,np
3,5471,4.655,,np
4,5472,4.665,,np
5,5473,4.685,,np
6,5474,4.675,,np
7,5475,4.675,,np
8,5476,4.72,,np
9,5477,4.73,,np
10,5478,4.74,,np
11,5479,4.745,,np
12,5480,4.76,,np
13,5481,4.765,,np
14,5482,4.755,,np
15,5483,4.755,,np
16,5484,4.77,,np
17,5485,4.775,,np
18,5486,4.775,,np
19,5487,4.75,,np
20,5488,4.78,,np
21,5489,4.775,,np
22,5490,4.775,,np
23,5491,4.76,,np
24,5492,4.76,,np
25,5493,4.77,,np
26,5494,4.765,,np
27,5495,4.755,,np
28,5496,4.75,,np
29,5497,4.755,,np
0,5824,4.78,,np
1,5825,4.775,,np
2,5826,4.815,,np
3,5827,4.825,,np
4,5828,4.815,,np
5,5829,4.81,,np
6,5830,4.825,,np
7,5831,4.84,,np
8,5832,4.835,,np
9,5833,4.82,,np
10,5834,4.83,,np
11,5835,4.85,,np
12,5836,4.83,,np
13,5837,4.83,,np
14,5838,4.845,,np
15,5839,4.85,,np
16,5840,4.845,,np
17,5841,4.83,,np
18,5842,4.835,,np
19,5843,4.84,,np
20,5844,4.84,,np
21,5845,4.83,,np
22,5846,4.825,,np
23,5847,4.825,,np
24,5848,4.83,,np
25,5849,4.825,,np
26,5850,4.82,,np
27,5851,4.83,,np
28,5852,4.835,,np
29,5853,4.825,,np
0,5940,4.72,,np
1,5941,4.72,,np
2,5942,4.71,,np
3,5943,4.725,,np
4,5944,4.725,,np
5,5945,4.71,,np
6,5946,4.7,,np
7,5947,4.715,,np
8,5948,4.725,,np
9,5949,4.705,,np
10,5950,4.705,,np
11,5951,4.72,,np
12,5952,4.725,,np
13,5953,4.72,,np
14,5954,4.72,,np
15,5955,4.725,,np
16,5956,4.735,,np
17,5957,4.72,,np
18,5958,4.725,,np
19,5959,4.725,,np
20,5960,4.74,,np
21,5961,4.72,,np
22,5962,4.705,,np
23,5963,4.715,,np
24,5964,4.72,,np
25,5965,4.715,,np
26,5966,4.705,,np
27,5967,4.72,,np
28,5968,4.735,,np
29,5969,4.735,,np
0,6246,4.81,,np
1,6247,4.835,,np
2,6248,4.855,,np
3,6249,4.84,,np
4,6250,4.835,,np
5,6251,4.84,,np
6,6252,4.84,,np
7,6253,4.835,,np
8,6254,4.845,,np
9,6255,4.86,,np
10,6256,4.87,,np
11,6257,4.895,,np
12,6258,4.865,,np
13,6259,4.82,,np
14,6260,4.8,,np
15,6261,4.775,,np
16,6262,4.75,,np
17,6263,4.75,,np
18,6264,4.74,,np
19,6265,4.725,,np
20,6266,4.72,,np
21,6267,4.72,,np
22,6268,4.725,,np
23,6269,4.73,,np
24,6270,4.715,,np
25,6271,4.715,,np
26,6272,4.725,,np
27,6273,4.725,,np
28,6274,4.71,,np
29,6275,4.705,,np
0,6296,4.545,,np
1,6297,4.635,,np
2,6298,4.67,,np
3,6299,4.65,,np
4,6300,4.64,,np
5,6301,4.655,,np
6,6302,4.665,,np
7,6303,4.655,,np
8,6304,4.65,,np
9,6305,4.65,,np
10,6306,4.66,,np
11,6307,4.65,,np
12,6308,4.635,,np
13,6309,4.64,,np
14,6310,4.65,,np
15,6311,4.65,,np
16,6312,4.64,,np
17,6313,4.64,,np
18,6314,4.655,,np
19,6315,4.66,,np
20,6316,4.65,,np
21,6317,4.655,,np
22,6318,4.66,,np
23,6319,4.67,,np
24,6320,4.665,,np
25,6321,4.665,,np
26,6322,4.675,,np
27,6323,4.675,,np
28,6324,4.66,,np
29,6325,4.65,,np
0,6346,4.625,,np
1,6347,4.635,,np
2,6348,4.65,,np
3,6349,4.625,,np
4,6350,4.62,,np
5,6351,4.63,,np
6,6352,4.64,,np
7,6353,4.63,,np
8,6354,4.62,,np
9,6355,4.635,,np
10,6356,4.65,,np
11,6357,4.645,,np
12,6358,4.65,,np
13,6359,4.68,,np
14,6360,4.7,,np
15,6361,4.71,,np
16,6362,4.715,,np
17,6363,4.74,,np
18,6364,4.77,,np
19,6365,4.775,,np
20,6366,4.765,,np
21,6367,4.78,,np
22,6368,4.805,,np
23,6369,4.805,,np
24,6370,4.8,,np
25,6371,4.81,,np
26,6372,4.815,,np
27,6373,4.825,,np
28,6374,4.81,,np
29,6375,4.805,,np
0,6394,4.815,,np
1,6395,4.8,,np
2,6396,4.8,,np
3,6397,4.815,,np
4,6398,4.805,,np
5,6399,4.795,,np
6,6400,4.79,,np
7,6401,4.8,,np
8,6402,4.805,,np
9,6403,4.79,,np
10,6404,4.78,,np
11,6405,4.79,,np
12,6406,4.795,,np
13,6407,4.795,,np
14,6408,4.8,,np
15,6409,4.825,,np
16,6410,4.83,,np
17,6411,4.835,,np
18,6412,4.825,,np
19,6413,4.845,,np
20,6414,4.87,,np
21,6415,4.875,,np
22,6416,4.87,,np
23,6417,4.88,,np
24,6418,4.895,,np
25,6419,4.9,,np
26,6420,4.875,,np
27,6421,4.865,,np
28,6422,4.885,,np
29,6423,4.89,,np
0,6698,4.695,,np
1,6699,4.665,,np
2,6700,4.655,,np
3,6701,4.66,,np
4,6702,4.675,,np
5,6703,4.67,,np
6,6704,4.67,,np
7,6705,4.685,,np
8,6706,4.705,,np
9,6707,4.705,,np
10,6708,4.72,,np
11,6709,4.73,,np
12,6710,4.755,,np
13,6711,4.76,,np
14,6712,4.775,,np
15,6713,4.785,,np
16,6714,4.805,,np
17,6715,4.795,,np
18,6716,4.78,,np
19,6717,4.785,,np
20,6718,4.8,,np
21,6719,4.79,,np
22,6720,4.78,,np
23,6721,4.77,,np
24,6722,4.79,,np
25,6723,4.805,,np
26,6724,4.795,,np
27,6725,4.785,,np
28,6726,4.78,,np
29,6727,4.79,,np
0,6986,4.615,,np
1,6987,4.695,,np
2,6988,4.72,,np
3,6989,4.725,,np
4,6990,4.72,,np
5,6991,4.72,,np
6,6992,4.705,,np
7,6993,4.7,,np
8,6994,4.72,,np
9,6995,4.705,,np
10,6996,4.685,,np
11,6997,4.7,,np
12,6998,4.705,,np
13,6999,4.705,,np
14,7000,4.7,,np
15,7001,4.7,,np
16,7002,4.71,,np
17,7003,4.695,,np
18,7004,4.705,,np
19,7005,4.7,,np
20,7006,4.72,,np
21,7007,4.715,,np
22,7008,4.71,,np
23,7009,4.71,,np
24,7010,4.705,,np
25,7011,4.71,,np
26,7012,4.7,,np
27,7013,4.71,,np
28,7014,4.71,,np
29,7015,4.705,,np
0,7035,4.705,,np
1,7036,4.695,,np
2,7037,4.685,,np
3,7038,4.7,,np
4,7039,4.705,,np
5,7040,4.695,,np
6,7041,4.705,,np
7,7042,4.7,,np
8,7043,4.725,,np
9,7044,4.725,,np
10,7045,4.725,,np
11,7046,4.745,,np
12,7047,4.765,,np
13,7048,4.795,,np
14,7049,4.795,,np
15,7050,4.805,,np
16,7051,4.83,,np
17,7052,4.835,,np
18,7053,4.855,,np
19,7054,4.845,,np
20,7055,4.865,,np
21,7056,4.88,,np
22,7057,4.855,,np
23,7058,4.855,,np
24,7059,4.865,,np
25,7060,4.875,,np
26,7061,4.855,,np
27,7062,4.855,,np
28,7063,4.865,,np
29,7064,4.875,,np
0,7084,4.835,,np
1,7085,4.845,,np
2,7086,4.84,,np
3,7087,4.825,,np
4,7088,4.825,,np
5,7089,4.835,,np
6,7090,4.825,,np
7,7091,4.825,,np
8,7092,4.83,,np
9,7093,4.835,,np
10,7094,4.83,,np
11,7095,4.835,,np
12,7096,4.825,,np
13,7097,4.845,,np
14,7098,4.855,,np
15,7099,4.845,,np
16,7100,4.85,,np
17,7101,4.88,,np
18,7102,4.89,,np
19,7103,4.895,,np
20,7104,4.9,,np
21,7105,4.925,,np
22,7106,4.925,,np
23,7107,4.935,,np
24,7108,4.935,,np
25,7109,4.93,,np
26,7110,4.94,,np
27,7111,4.93,,np
28,7112,4.91,,np
29,7113,4.92,,np
0,7134,4.785,,np
1,7135,4.8,,np
2,7136,4.79,,np
3,7137,4.78,,np
4,7138,4.785,,np
5,7139,4.785,,np
6,7140,4.735,,np
7,7141,4.68,,np
8,7142,4.64,,np
9,7143,4.595,,np
10,7144,4.62,,np
11,7145,4.75,,np
12,7146,4.885,,np
13,7147,4.995,,np
14,7148,5.105,,np
15,7149,5.27,,np
16,7150,5.335,,np
17,7151,5.88,,np
18,7152,6.08,,np
19,7153,6.085,,np
20,7154,5.76,,np
21,7155,5.12,,np
22,7156,4.68,,np
23,7157,4.61,,np
24,7158,4.685,,np
25,7159,4.755,,np
26,7160,4.76,,np
27,7161,4.745,,np
28,7162,4.73,,np
29,7163,4.745,,np
0,7422,4.835,,np
1,7423,4.84,,np
2,7424,4.825,,np
3,7425,4.82,,np
4,7426,4.825,,np
5,7427,4.835,,np
6,7428,4.83,,np
7,7429,4.82,,np
8,7430,4.825,,np
9,7431,4.825,,np
10,7432,4.815,,np
11,7433,4.815,,np
12,7434,4.82,,np
13,7435,4.82,,np
14,7436,4.805,,np
15,7437,4.785,,np
16,7438,4.795,,np
17,7439,4.8,,np
18,7440,4.795,,np
19,7441,4.79,,np
20,7442,4.795,,np
21,7443,4.805,,np
22,7444,4.805,,np
23,7445,4.79,,np
24,7446,4.79,,np
25,7447,4.79,,np
26,7448,4.795,,np
27,7449,4.78,,np
28,7450,4.765,,np
29,7451,4.77,,np
0,7730,4.69,,np
1,7731,4.685,,np
2,7732,4.69,,np
3,7733,4.68,,np
4,7734,4.685,,np
5,7735,4.7,,np
6,7736,4.695,,np
7,7737,4.68,,np
8,7738,4.68,,np
9,7739,4.69,,np
10,7740,4.69,,np
11,7741,4.68,,np
12,7742,4.67,,np
13,7743,4.675,,np
14,7744,4.68,,np
15,7745,4.685,,np
16,7746,4.675,,np
17,7747,4.685,,np
18,7748,4.695,,np
19,7749,4.685,,np
20,7750,4.68,,np
21,7751,4.68,,np
22,7752,4.69,,np
23,7753,4.695,,np
24,7754,4.68,,np
25,7755,4.69,,np
26,7756,4.7,,np
27,7757,4.685,,np
28,7758,4.68,,np
29,7759,4.675,,np
0,8018,4.8,,np
1,8019,4.8,,np
2,8020,4.795,,np
3,8021,4.78,,np
4,8022,4.8,,np
5,8023,4.805,,np
6,8024,4.8,,np
7,8025,4.805,,np
8,8026,4.81,,np
9,8027,4.825,,np
10,8028,4.84,,np
11,8029,4.835,,np
12,8030,4.845,,np
13,8031,4.865,,np
14,8032,4.875,,np
15,8033,4.865,,np
16,8034,4.87,,np
17,8035,4.905,,np
18,8036,4.92,,np
19,8037,4.92,,np
20,8038,4.92,,np
21,8039,4.925,,np
22,8040,4.915,,np
23,8041,4.89,,np
24,8042,4.9,,np
25,8043,4.91,,np
26,8044,4.93,,np
27,8045,4.94,,np
28,8046,4.94,,np
29,8047,4.925,,np
0,8835,4.645,,np
1,8836,4.645,,np
2,8837,4.62,,np
3,8838,4.61,,np
4,8839,4.635,,np
5,8840,4.63,,np
6,8841,4.615,,np
7,8842,4.61,,np
8,8843,4.615,,np
9,8844,4.615,,np
10,8845,4.62,,np
11,8846,4.605,,np
12,8847,4.605,,np
13,8848,4.615,,np
14,8849,4.61,,np
15,8850,4.6,,np
16,8851,4.595,,np
17,8852,4.595,,np
18,8853,4.585,,np
19,8854,4.59,,np
20,8855,4.59,,np
21,8856,4.6,,np
22,8857,4.605,,np
23,8858,4.605,,np
24,8859,4.59,,np
25,8860,4.61,,np
26,8861,4.62,,np
27,8862,4.6,,np
28,8863,4.585,,np
29,8864,4.6,,np
0,9659,4.85,,np
1,9660,4.855,,np
2,9661,4.86,,np
3,9662,4.85,,np
4,9663,4.845,,np
5,9664,4.845,,np
6,9665,4.86,,np
7,9666,4.85,,np
8,9667,4.835,,np
9,9668,4.835,,np
10,9669,4.84,,np
11,9670,4.845,,np
12,9671,4.835,,np
13,9672,4.83,,np
14,9673,4.85,,np
15,9674,4.835,,np
16,9675,4.83,,np
17,9676,4.815,,np
18,9677,4.825,,np
19,9678,4.83,,np
20,9679,4.83,,np
21,9680,4.82,,np
22,9681,4.825,,np
23,9682,4.83,,np
24,9683,4.82,,np
25,9684,4.81,,np
26,9685,4.82,,np
27,9686,4.82,,np
28,9687,4.81,,np
29,9688,4.8,,np
0,9710,4.935,,np
1,9711,4.945,,np
2,9712,4.94,,np
3,9713,4.925,,np
4,9714,4.925,,np
5,9715,4.935,,np
6,9716,4.945,,np
7,9717,4.94,,np
8,9718,4.98,,np
9,9719,4.98,,np
10,9720,4.935,,np
11,9721,4.895,,np
12,9722,4.87,,np
13,9723,4.865,,np
14,9724,4.835,,np
15,9725,4.83,,np
16,9726,4.805,,np
17,9727,4.81,,np
18,9728,4.815,,np
19,9729,4.805,,np
20,9730,4.805,,np
21,9731,4.82,,np
22,9732,4.82,,np
23,9733,4.815,,np
24,9734,4.8,,np
25,9735,4.8,,np
26,9736,4.8,,np
27,9737,4.805,,np
28,9738,4.79,,np
29,9739,4.8,,np
0,9758,4.61,,np
1,9759,4.65,,np
2,9760,4.73,,np
3,9761,4.75,,np
4,9762,4.73,,np
5,9763,4.735,,np
6,9764,4.745,,np
7,9765,4.755,,np
8,9766,4.745,,np
9,9767,4.74,,np
10,9768,4.76,,np
11,9769,4.76,,np
12,9770,4.75,,np
13,9771,4.73,,np
14,9772,4.73,,np
15,9773,4.745,,np
16,9774,4.75,,np
17,9775,4.75,,np
18,9776,4.735,,np
19,9777,4.75,,np
20,9778,4.74,,np
21,9779,4.745,,np
22,9780,4.74,,np
23,9781,4.745,,np
24,9782,4.745,,np
25,9783,4.74,,np
26,9784,4.73,,np
27,9785,4.75,,np
28,9786,4.75,,np
29,9787,4.745,,np
0,9835,4.88,,np
1,9836,4.875,,np
2,9837,4.885,,np
3,9838,4.875,,np
4,9839,4.88,,np
5,9840,4.885,,np
6,9841,4.89,,np
7,9842,4.88,,np
8,9843,4.875,,np
9,9844,4.885,,np
10,9845,4.88,,np
11,9846,4.87,,np
12,9847,4.875,,np
13,9848,4.88,,np
14,9849,4.875,,np
15,9850,4.88,,np
16,9851,4.86,,np
17,9852,4.875,,np
18,9853,4.88,,np
19,9854,4.85,,np
20,9855,4.85,,np
21,9856,4.86,,np
22,9857,4.855,,np
23,9858,4.84,,np
24,9859,4.84,,np
25,9860,4.85,,np
26,9861,4.855,,np
27,9862,4.845,,np
28,9863,4.84,,np
29,9864,4.845,,np
0,10164,4.725,,np
1,10165,4.725,,np
2,10166,4.72,,np
3,10167,4.705,,np
4,10168,4.7,,np
5,10169,4.7,,np
6,10170,4.695,,np
7,10171,4.685,,np
8,10172,4.69,,np
9,10173,4.7,,np
10,10174,4.7,,np
11,10175,4.695,,np
12,10176,4.695,,np
13,10177,4.735,,np
14,10178,4.755,,np
15,10179,4.765,,np
16,10180,4.77,,np
17,10181,4.78,,np
18,10182,4.8,,np
19,10183,4.805,,np
20,10184,4.805,,np
21,10185,4.825,,np
22,10186,4.84,,np
23,10187,4.83,,np
24,10188,4.83,,np
25,10189,4.85,,np
26,10190,4.855,,np
27,10191,4.86,,np
28,10192,4.855,,np
29,10193,4.85,,np
0,10689,4.66,,np
1,10690,4.665,,np
2,10691,4.675,,np
3,10692,4.66,,np
4,10693,4.645,,np
5,10694,4.66,,np
6,10695,4.67,,np
7,10696,4.67,,np
8,10697,4.665,,np
9,10698,4.67,,np
10,10699,4.67,,np
11,10700,4.665,,np
12,10701,4.66,,np
13,10702,4.665,,np
14,10703,4.675,,np
15,10704,4.675,,np
16,10705,4.66,,np
17,10706,4.665,,np
18,10707,4.67,,np
19,10708,4.67,,np
20,10709,4.655,,np
21,10710,4.655,,np
22,10711,4.66,,np
23,10712,4.67,,np
24,10713,4.66,,np
25,10714,4.66,,np
26,10715,4.67,,np
27,10716,4.67,,np
28,10717,4.675,,np
29,10718,4.67,,np
0,11060,4.715,,np
1,11061,4.72,,np
2,11062,4.73,,np
3,11063,4.72,,np
4,11064,4.715,,np
5,11065,4.725,,np
6,11066,4.72,,np
7,11067,4.71,,np
8,11068,4.7,,np
9,11069,4.72,,np
10,11070,4.725,,np
11,11071,4.72,,np
12,11072,4.72,,np
13,11073,4.735,,np
14,11074,4.735,,np
15,11075,4.73,,np
16,11076,4.705,,np
17,11077,4.71,,np
18,11078,4.73,,np
19,11079,4.735,,np
20,11080,4.72,,np
21,11081,4.725,,np
22,11082,4.73,,np
23,11083,4.73,,np
24,11084,4.725,,np
25,11085,4.73,,np
26,11086,4.74,,np
27,11087,4.74,,np
28,11088,4.73,,np
29,11089,4.735,,np
0,11424,4.75,,np
1,11425,4.745,,np
2,11426,4.74,,np
3,11427,4.75,,np
4,11428,4.75,,np
5,11429,4.74,,np
6,11430,4.735,,np
7,11431,4.73,,np
8,11432,4.74,,np
9,11433,4.74,,np
10,11434,4.745,,np
11,11435,4.745,,np
12,11436,4.75,,np
13,11437,4.76,,np
14,11438,4.75,,np
15,11439,4.745,,np
16,11440,4.75,,np
17,11441,4.765,,np
18,11442,4.755,,np
19,11443,4.745,,np
20,11444,4.755,,np
21,11445,4.755,,np
22,11446,4.745,,np
23,11447,4.73,,np
24,11448,4.75,,np
25,11449,4.76,,np
26,11450,4.755,,np
27,11451,4.745,,np
28,11452,4.755,,np
29,11453,4.765,,np
0,11472,4.73,,np
1,11473,4.735,,np
2,11474,4.745,,np
3,11475,4.745,,np
4,11476,4.74,,np
5,11477,4.735,,np
6,11478,4.74,,np
7,11479,4.75,,np
8,11480,4.735,,np
9,11481,4.745,,np
10,11482,4.755,,np
11,11483,4.765,,np
12,11484,4.765,,np
13,11485,4.78,,np
14,11486,4.8,,np
15,11487,4.8,,np
16,11488,4.8,,np
17,11489,4.81,,np
18,11490,4.835,,np
19,11491,4.845,,np
20,11492,4.845,,np
21,11493,4.84,,np
22,11494,4.855,,np
23,11495,4.865,,np
24,11496,4.855,,np
25,11497,4.855,,np
26,11498,4.85,,np
27,11499,4.86,,np
28,11500,4.855,,np
29,11501,4.855,,np
0,11518,4.81,,np
1,11519,4.825,,np
2,11520,4.815,,np
3,11521,4.815,,np
4,11522,4.815,,np
5,11523,4.825,,np
6,11524,4.825,,np
7,11525,4.82,,np
8,11526,4.8,,np
9,11527,4.8,,np
10,11528,4.785,,np
11,11529,4.785,,np
12,11530,4.785,,np
13,11531,4.79,,np
14,11532,4.805,,np
15,11533,4.795,,np
16,11534,4.78,,np
17,11535,4.775,,np
18,11536,4.795,,np
19,11537,4.795,,np
20,11538,4.79,,np
21,11539,4.775,,np
22,11540,4.795,,np
23,11541,4.8,,np
24,11542,4.785,,np
25,11543,4.785,,np
26,11544,4.8,,np
27,11545,4.81,,np
28,11546,4.81,,np
29,11547,4.795,,np
0,11615,4.69,,np
1,11616,4.69,,np
2,11617,4.67,,np
3,11618,4.655,,np
4,11619,4.665,,np
5,11620,4.675,,np
6,11621,4.675,,np
7,11622,4.655,,np
8,11623,4.68,,np
9,11624,4.68,,np
10,11625,4.675,,np
11,11626,4.66,,np
12,11627,4.665,,np
13,11628,4.675,,np
14,11629,4.67,,np
15,11630,4.665,,np
16,11631,4.665,,np
17,11632,4.675,,np
18,11633,4.675,,np
19,11634,4.66,,np
20,11635,4.64,,np
21,11636,4.645,,np
22,11637,4.65,,np
23,11638,4.65,,np
24,11639,4.645,,np
25,11640,4.655,,np
26,11641,4.655,,np
27,11642,4.655,,np
28,11643,4.645,,np
29,11644,4.635,,np
0,12159,4.86,,np
1,12160,4.86,,np
2,12161,4.885,,np
3,12162,4.89,,np
4,12163,4.89,,np
5,12164,4.89,,np
6,12165,4.915,,np
7,12166,4.94,,np
8,12167,4.935,,np
9,12168,4.925,,np
10,12169,4.93,,np
11,12170,4.925,,np
12,12171,4.925,,np
13,12172,4.915,,np
14,12173,4.92,,np
15,12174,4.94,,np
16,12175,4.96,,np
17,12176,4.94,,np
18,12177,4.895,,np
19,12178,4.875,,np
20,12179,4.86,,np
21,12180,4.83,,np
22,12181,4.805,,np
23,12182,4.8,,np
24,12183,4.805,,np
25,12184,4.795,,np
26,12185,4.785,,np
27,12186,4.795,,np
28,12187,4.79,,np
29,12188,4.795,,np
0,12720,4.845,,np
1,12721,4.835,,np
2,12722,4.835,,np
3,12723,4.835,,np
4,12724,4.84,,np
5,12725,4.835,,np
6,12726,4.83,,np
7,12727,4.82,,np
8,12728,4.83,,np
9,12729,4.84,,np
10,12730,4.82,,np
11,12731,4.83,,np
12,12732,4.84,,np
13,12733,4.85,,np
14,12734,4.855,,np
15,12735,4.84,,np
16,12736,4.84,,np
17,12737,4.855,,np
18,12738,4.85,,np
19,12739,4.835,,np
20,12740,4.84,,np
21,12741,4.865,,np
22,12742,4.86,,np
23,12743,4.87,,np
24,12744,4.875,,np
25,12745,4.885,,np
26,12746,4.9,,np
27,12747,4.89,,np
28,12748,4.885,,np
29,12749,4.91,,np
0,13264,4.72,,np
1,13265,4.735,,np
2,13266,4.755,,np
3,13267,4.76,,np
4,13268,4.77,,np
5,13269,4.775,,np
6,13270,4.8,,np
7,13271,4.8,,np
8,13272,4.81,,np
9,13273,4.825,,np
10,13274,4.835,,np
11,13275,4.845,,np
12,13276,4.83,,np
13,13277,4.83,,np
14,13278,4.845,,np
15,13279,4.855,,np
16,13280,4.845,,np
17,13281,4.835,,np
18,13282,4.85,,np
19,13283,4.855,,np
20,13284,4.85,,np
21,13285,4.845,,np
22,13286,4.85,,np
23,13287,4.86,,np
24,13288,4.845,,np
25,13289,4.835,,np
26,13290,4.84,,np
27,13291,4.845,,np
28,13292,4.845,,np
29,13293,4.82,,np
0,13312,4.815,,np
1,13313,4.81,,np
2,13314,4.79,,np
3,13315,4.79,,np
4,13316,4.81,,np
5,13317,4.815,,np
6,13318,4.8,,np
7,13319,4.805,,np
8,13320,4.805,,np
9,13321,4.815,,np
10,13322,4.81,,np
11,13323,4.805,,np
12,13324,4.82,,np
13,13325,4.83,,np
14,13326,4.81,,np
15,13327,4.805,,np
16,13328,4.82,,np
17,13329,4.825,,np
18,13330,4.82,,np
19,13331,4.805,,np
20,13332,4.815,,np
21,13333,4.82,,np
22,13334,4.82,,np
23,13335,4.815,,np
24,13336,4.815,,np
25,13337,4.83,,np
26,13338,4.845,,np
27,13339,4.845,,np
28,13340,4.855,,np
29,13341,4.86,,np
0,13352,4.93,,np
1,13353,4.95,,np
2,13354,4.96,,np
3,13355,4.945,,np
4,13356,4.925,,np
5,13357,4.94,,np
6,13358,4.945,,np
7,13359,4.95,,np
8,13360,4.95,,np
9,13361,4.96,,np
10,13362,4.95,,np
11,13363,4.9,,np
12,13364,4.87,,np
13,13365,4.85,,np
14,13366,4.845,,np
15,13367,4.82,,np
16,13368,4.785,,np
17,13369,4.79,,np
18,13370,4.81,,np
19,13371,4.815,,np
20,13372,4.805,,np
21,13373,4.79,,np
22,13374,4.8,,np
23,13375,4.805,,np
24,13376,4.79,,np
25,13377,4.765,,np
26,13378,4.78,,np
27,13379,4.795,,np
28,13380,4.785,,np
29,13381,4.77,,np
0,13393,4.81,,np
1,13394,4.895,,np
2,13395,5.03,,np
3,13396,5.26,,np
4,13397,5.55,,np
5,13398,5.815,,np
6,13399,5.93,,np
7,13400,5.94,,np
8,13401,5.29,,np
9,13402,4.8,,np
10,13403,4.615,,np
11,13404,4.665,,np
12,13405,4.725,,np
13,13406,4.73,,np
14,13407,4.735,,np
15,13408,4.745,,np
16,13409,4.74,,np
17,13410,4.725,,np
18,13411,4.74,,np
19,13412,4.755,,np
20,13413,4.745,,np
21,13414,4.755,,np
22,13415,4.74,,np
23,13416,4.755,,np
24,13417,4.75,,np
25,13418,4.745,,np
26,13419,4.74,,np
27,13420,4.745,,np
28,13421,4.75,,np
29,13422,4.74,,np
0,13698,4.81,,np
1,13699,4.82,,np
2,13700,4.83,,np
3,13701,4.825,,np
4,13702,4.82,,np
5,13703,4.825,,np
6,13704,4.825,,np
7,13705,4.805,,np
8,13706,4.805,,np
9,13707,4.81,,np
10,13708,4.82,,np
11,13709,4.825,,np
12,13710,4.83,,np
13,13711,4.82,,np
14,13712,4.83,,np
15,13713,4.83,,np
16,13714,4.83,,np
17,13715,4.815,,np
18,13716,4.805,,np
19,13717,4.83,,np
20,13718,4.82,,np
21,13719,4.805,,np
22,13720,4.82,,np
23,13721,4.825,,np
24,13722,4.81,,np
25,13723,4.805,,np
26,13724,4.81,,np
27,13725,4.815,,np
28,13726,4.815,,np
29,13727,4.81,,np
0,13986,4.8,,np
1,13987,4.81,,np
2,13988,4.8,,np
3,13989,4.805,,np
4,13990,4.785,,np
5,13991,4.79,,np
6,13992,4.8,,np
7,13993,4.8,,np
8,13994,4.8,,np
9,13995,4.795,,np
10,13996,4.75,,np
11,13997,4.685,,np
12,13998,4.65,,np
13,13999,4.6,,np
14,14000,4.58,,np
15,14001,4.71,,np
16,14002,4.88,,np
17,14003,5.065,,np
18,14004,5.31,,np
19,14005,5.575,,np
20,14006,5.775,,np
21,14007,5.955,,np
22,14008,6.065,,np
23,14009,6.005,,np
24,14010,5.595,,np
25,14011,5.04,,np
26,14012,4.7,,np
27,14013,4.665,,np
28,14014,4.735,,np
29,14015,4.765,,np
0,14546,4.905,,np
1,14547,4.93,,np
2,14548,4.92,,np
3,14549,4.895,,np
4,14550,4.885,,np
5,14551,4.86,,np
6,14552,4.835,,np
7,14553,4.83,,np
8,14554,4.83,,np
9,14555,4.8,,np
10,14556,4.79,,np
11,14557,4.765,,np
12,14558,4.78,,np
13,14559,4.78,,np
14,14560,4.775,,np
15,14561,4.765,,np
16,14562,4.775,,np
17,14563,4.775,,np
18,14564,4.765,,np
19,14565,4.76,,np
20,14566,4.775,,np
21,14567,4.775,,np
22,14568,4.765,,np
23,14569,4.75,,np
24,14570,4.755,,np
25,14571,4.77,,np
26,14572,4.735,,np
27,14573,4.68,,np
28,14574,4.64,,np
29,14575,4.635,,np
0,14598,4.71,,np
1,14599,4.72,,np
2,14600,4.725,,np
3,14601,4.735,,np
4,14602,4.725,,np
5,14603,4.73,,np
6,14604,4.735,,np
7,14605,4.735,,np
8,14606,4.725,,np
9,14607,4.725,,np
10,14608,4.725,,np
11,14609,4.73,,np
12,14610,4.72,,np
13,14611,4.715,,np
14,14612,4.725,,np
15,14613,4.73,,np
16,14614,4.72,,np
17,14615,4.71,,np
18,14616,4.715,,np
19,14617,4.715,,np
20,14618,4.725,,np
21,14619,4.715,,np
22,14620,4.735,,np
23,14621,4.735,,np
24,14622,4.74,,np
25,14623,4.725,,np
26,14624,4.74,,np
27,14625,4.745,,np
28,14626,4.735,,np
29,14627,4.725,,np
0,14911,4.77,,np
1,14912,4.78,,np
2,14913,4.775,,np
3,14914,4.77,,np
4,14915,4.77,,np
5,14916,4.775,,np
6,14917,4.78,,np
7,14918,4.785,,np
8,14919,4.77,,np
9,14920,4.78,,np
10,14921,4.8,,np
11,14922,4.79,,np
12,14923,4.765,,np
13,14924,4.78,,np
14,14925,4.79,,np
15,14926,4.815,,np
16,14927,4.82,,np
17,14928,4.83,,np
18,14929,4.85,,np
19,14930,4.85,,np
20,14931,4.85,,np
21,14932,4.865,,np
22,14933,4.88,,np
23,14934,4.895,,np
24,14935,4.91,,np
25,14936,4.9,,np
26,14937,4.9,,np
27,14938,4.905,,np
28,14939,4.875,,np
29,14940,4.86,,np
0,14964,4.735,,np
1,14965,4.735,,np
2,14966,4.75,,np
3,14967,4.755,,np
4,14968,4.76,,np
5,14969,4.755,,np
6,14970,4.755,,np
7,14971,4.755,,np
8,14972,4.71,,np
9,14973,4.655,,np
10,14974,4.63,,np
11,14975,4.625,,np
12,14976,4.545,,np
13,14977,4.575,,np
14,14978,4.73,,np
15,14979,4.94,,np
16,14980,5.215,,np
17,14981,5.58,,np
18,14982,5.845,,np
19,14983,5.89,,np
20,14984,5.635,,np
21,14985,5.16,,np
22,14986,4.755,,np
23,14987,4.605,,np
24,14988,4.605,,np
25,14989,4.655,,np
26,14990,4.685,,np
27,14991,4.7,,np
28,14992,4.705,,np
29,14993,4.715,,np
0,15013,4.71,,np
1,15014,4.695,,np
2,15015,4.68,,np
3,15016,4.695,,np
4,15017,4.705,,np
5,15018,4.69,,np
6,15019,4.67,,np
7,15020,4.68,,np
8,15021,4.705,,np
9,15022,4.7,,np
10,15023,4.685,,np
11,15024,4.695,,np
12,15025,4.7,,np
13,15026,4.69,,np
14,15027,4.685,,np
15,15028,4.685,,np
16,15029,4.695,,np
17,15030,4.71,,np
18,15031,4.695,,np
19,15032,4.69,,np
20,15033,4.695,,np
21,15034,4.705,,np
22,15035,4.695,,np
23,15036,4.695,,np
24,15037,4.69,,np
25,15038,4.705,,np
26,15039,4.68,,np
27,15040,4.685,,np
28,15041,4.7,,np
29,15042,4.7,,np
0,15066,4.775,,np
1,15067,4.79,,np
2,15068,4.805,,np
3,15069,4.805,,np
4,15070,4.81,,np
5,15071,4.815,,np
6,15072,4.81,,np
7,15073,4.815,,np
8,15074,4.82,,np
9,15075,4.815,,np
10,15076,4.815,,np
11,15077,4.8,,np
12,15078,4.805,,np
13,15079,4.82,,np
14,15080,4.82,,np
15,15081,4.81,,np
16,15082,4.805,,np
17,15083,4.81,,np
18,15084,4.815,,np
19,15085,4.81,,np
20,15086,4.805,,np
21,15087,4.8,,np
22,15088,4.805,,np
23,15089,4.8,,np
24,15090,4.795,,np
25,15091,4.79,,np
26,15092,4.805,,np
27,15093,4.795,,np
28,15094,4.79,,np
29,15095,4.79,,np
0,15121,4.795,,np
1,15122,4.785,,np
2,15123,4.77,,np
3,15124,4.775,,np
4,15125,4.775,,np
5,15126,4.775,,np
6,15127,4.765,,np
7,15128,4.765,,np
8,15129,4.79,,np
9,15130,4.805,,np
10,15131,4.81,,np
11,15132,4.82,,np
12,15133,4.84,,np
13,15134,4.85,,np
14,15135,4.84,,np
15,15136,4.855,,np
16,15137,4.87,,np
17,15138,4.88,,np
18,15139,4.88,,np
19,15140,4.875,,np
20,15141,4.875,,np
21,15142,4.885,,np
22,15143,4.875,,np
23,15144,4.86,,np
24,15145,4.865,,np
25,15146,4.865,,np
26,15147,4.87,,np
27,15148,4.885,,np
28,15149,4.865,,np
29,15150,4.855,,np
0,15169,4.745,,np
1,15170,4.755,,np
2,15171,4.77,,np
3,15172,4.755,,np
4,15173,4.75,,np
5,15174,4.73,,np
6,15175,4.72,,np
7,15176,4.64,,np
8,15177,4.605,,np
9,15178,4.555,,np
10,15179,4.595,,np
11,15180,4.73,,np
12,15181,4.915,,np
13,15182,5.175,,np
14,15183,5.555,,np
15,15184,5.875,,np
16,15185,5.96,,np
17,15186,5.735,,np
18,15187,5.245,,np
19,15188,4.835,,np
20,15189,4.62,,np
21,15190,4.615,,np
22,15191,4.67,,np
23,15192,4.705,,np
24,15193,4.7,,np
25,15194,4.705,,np
26,15195,4.71,,np
27,15196,4.735,,np
28,15197,4.72,,np
29,15198,4.71,,np
0,15511,4.815,,np
1,15512,4.825,,np
2,15513,4.825,,np
3,15514,4.82,,np
4,15515,4.815,,np
5,15516,4.82,,np
6,15517,4.83,,np
7,15518,4.835,,np
8,15519,4.82,,np
9,15520,4.83,,np
10,15521,4.855,,np
11,15522,4.87,,np
12,15523,4.87,,np
13,15524,4.885,,np
14,15525,4.895,,np
15,15526,4.895,,np
16,15527,4.885,,np
17,15528,4.9,,np
18,15529,4.92,,np
19,15530,4.94,,np
20,15531,4.93,,np
21,15532,4.915,,np
22,15533,4.925,,np
23,15534,4.91,,np
24,15535,4.91,,np
25,15536,4.9,,np
26,15537,4.895,,np
27,15538,4.895,,np
28,15539,4.905,,np
29,15540,4.92,,np
0,16036,4.805,,np
1,16037,4.81,,np
2,16038,4.825,,np
3,16039,4.815,,np
4,16040,4.81,,np
5,16041,4.8,,np
6,16042,4.825,,np
7,16043,4.825,,np
8,16044,4.81,,np
9,16045,4.82,,np
10,16046,4.84,,np
11,16047,4.835,,np
12,16048,4.82,,np
13,16049,4.82,,np
14,16050,4.815,,np
15,16051,4.83,,np
16,16052,4.81,,np
17,16053,4.8,,np
18,16054,4.81,,np
19,16055,4.815,,np
20,16056,4.815,,np
21,16057,4.795,,np
22,16058,4.805,,np
23,16059,4.81,,np
24,16060,4.8,,np
25,16061,4.795,,np
26,16062,4.79,,np
27,16063,4.805,,np
28,16064,4.805,,np
29,16065,4.79,,np
0,16071,4.825,,np
1,16072,4.815,,np
2,16073,4.79,,np
3,16074,4.785,,np
4,16075,4.78,,np
5,16076,4.8,,np
6,16077,4.79,,np
7,16078,4.78,,np
8,16079,4.785,,np
9,16080,4.795,,np
10,16081,4.795,,np
11,16082,4.785,,np
12,16083,4.795,,np
13,16084,4.805,,np
14,16085,4.805,,np
15,16086,4.805,,np
16,16087,4.81,,np
17,16088,4.805,,np
18,16089,4.81,,np
19,16090,4.8,,np
20,16091,4.81,,np
21,16092,4.83,,np
22,16093,4.84,,np
23,16094,4.855,,np
24,16095,4.875,,np
25,16096,4.88,,np
26,16097,4.885,,np
27,16098,4.895,,np
28,16099,4.905,,np
29,16100,4.91,,np
0,16381,4.735,,np
1,16382,4.72,,np
2,16383,4.725,,np
3,16384,4.735,,np
4,16385,4.74,,np
5,16386,4.73,,np
6,16387,4.725,,np
7,16388,4.74,,np
8,16389,4.745,,np
9,16390,4.725,,np
10,16391,4.735,,np
11,16392,4.73,,np
12,16393,4.735,,np
13,16394,4.725,,np
14,16395,4.73,,np
15,16396,4.76,,np
16,16397,4.765,,np
17,16398,4.745,,np
18,16399,4.735,,np
19,16400,4.74,,np
20,16401,4.74,,np
21,16402,4.725,,np
22,16403,4.71,,np
23,16404,4.71,,np
24,16405,4.715,,np
25,16406,4.7,,np
26,16407,4.675,,np
27,16408,4.685,,np
28,16409,4.695,,np
29,16410,4.695,,np
0,16669,4.835,,np
1,16670,4.84,,np
2,16671,4.845,,np
3,16672,4.85,,np
4,16673,4.845,,np
5,16674,4.84,,np
6,16675,4.845,,np
7,16676,4.86,,np
8,16677,4.855,,np
9,16678,4.835,,np
10,16679,4.86,,np
11,16680,4.87,,np
12,16681,4.865,,np
13,16682,4.86,,np
14,16683,4.855,,np
15,16684,4.865,,np
16,16685,4.87,,np
17,16686,4.855,,np
18,16687,4.855,,np
19,16688,4.865,,np
20,16689,4.87,,np
21,16690,4.855,,np
22,16691,4.865,,np
23,16692,4.86,,np
24,16693,4.865,,np
25,16694,4.86,,np
26,16695,4.86,,np
27,16696,4.89,,np
28,16697,4.92,,np
29,16698,4.92,,np
0,16957,4.75,,np
1,16958,4.755,,np
2,16959,4.765,,np
3,16960,4.77,,np
4,16961,4.75,,np
5,16962,4.74,,np
6,16963,4.755,,np
7,16964,4.76,,np
8,16965,4.75,,np
9,16966,4.745,,np
10,16967,4.76,,np
11,16968,4.765,,np
12,16969,4.755,,np
13,16970,4.75,,np
14,16971,4.755,,np
15,16972,4.755,,np
16,16973,4.75,,np
17,16974,4.73,,np
18,16975,4.735,,np
19,16976,4.76,,np
20,16977,4.755,,np
21,16978,4.745,,np
22,16979,4.745,,np
23,16980,4.75,,np
24,16981,4.745,,np
25,16982,4.73,,np
26,16983,4.745,,np
27,16984,4.755,,np
28,16985,4.76,,np
29,16986,4.755,,np
0,17005,4.76,,np
1,17006,4.75,,np
2,17007,4.725,,np
3,17008,4.73,,np
4,17009,4.74,,np
5,17010,4.745,,np
6,17011,4.725,,np
7,17012,4.725,,np
8,17013,4.74,,np
9,17014,4.75,,np
10,17015,4.745,,np
11,17016,4.74,,np
12,17017,4.76,,np
13,17018,4.77,,np
14,17019,4.765,,np
15,17020,4.78,,np
16,17021,4.795,,np
17,17022,4.815,,np
18,17023,4.82,,np
19,17024,4.82,,np
20,17025,4.835,,np
21,17026,4.84,,np
22,17027,4.84,,np
23,17028,4.83,,np
24,17029,4.835,,np
25,17030,4.855,,np
26,17031,4.835,,np
27,17032,4.825,,np
28,17033,4.835,,np
29,17034,4.84,,np
0,17058,4.79,,np
1,17059,4.795,,np
2,17060,4.8,,np
3,17061,4.765,,np
4,17062,4.785,,np
5,17063,4.795,,np
6,17064,4.8,,np
7,17065,4.785,,np
8,17066,4.765,,np
9,17067,4.775,,np
10,17068,4.78,,np
11,17069,4.765,,np
12,17070,4.76,,np
13,17071,4.76,,np
14,17072,4.77,,np
15,17073,4.76,,np
16,17074,4.755,,np
17,17075,4.76,,np
18,17076,4.78,,np
19,17077,4.785,,np
20,17078,4.78,,np
21,17079,4.785,,np
22,17080,4.79,,np
23,17081,4.79,,np
24,17082,4.785,,np
25,17083,4.795,,np
26,17084,4.81,,np
27,17085,4.825,,np
28,17086,4.815,,np
29,17087,4.835,,np
0,17619,4.85,,np
1,17620,4.84,,np
2,17621,4.83,,np
3,17622,4.84,,np
4,17623,4.83,,np
5,17624,4.83,,np
6,17625,4.83,,np
7,17626,4.845,,np
8,17627,4.83,,np
9,17628,4.82,,np
10,17629,4.815,,np
11,17630,4.835,,np
12,17631,4.825,,np
13,17632,4.815,,np
14,17633,4.815,,np
15,17634,4.83,,np
16,17635,4.825,,np
17,17636,4.825,,np
18,17637,4.82,,np
19,17638,4.835,,np
20,17639,4.83,,np
21,17640,4.82,,np
22,17641,4.805,,np
23,17642,4.815,,np
24,17643,4.825,,np
25,17644,4.815,,np
26,17645,4.815,,np
27,17646,4.83,,np
28,17647,4.835,,np
29,17648,4.825,,np
0,17925,4.785,,np
1,17926,4.795,,np
2,17927,4.78,,np
3,17928,4.77,,np
4,17929,4.78,,np
5,17930,4.795,,np
6,17931,4.79,,np
7,17932,4.8,,np
8,17933,4.8,,np
9,17934,4.81,,np
10,17935,4.805,,np
11,17936,4.805,,np
12,17937,4.8,,np
13,17938,4.81,,np
14,17939,4.805,,np
15,17940,4.79,,np
16,17941,4.775,,np
17,17942,4.8,,np
18,17943,4.795,,np
19,17944,4.79,,np
20,17945,4.785,,np
21,17946,4.785,,np
22,17947,4.795,,np
23,17948,4.79,,np
24,17949,4.785,,np
25,17950,4.79,,np
26,17951,4.8,,np
27,17952,4.8,,np
28,17953,4.81,,np
29,17954,4.8,,np
0,17957,4.8,,np
1,17958,4.795,,np
2,17959,4.805,,np
3,17960,4.8,,np
4,17961,4.775,,np
5,17962,4.765,,np
6,17963,4.78,,np
7,17964,4.785,,np
8,17965,4.775,,np
9,17966,4.76,,np
10,17967,4.77,,np
11,17968,4.775,,np
12,17969,4.785,,np
13,17970,4.78,,np
14,17971,4.8,,np
15,17972,4.81,,np
16,17973,4.82,,np
17,17974,4.82,,np
18,17975,4.825,,np
19,17976,4.855,,np
20,17977,4.85,,np
21,17978,4.85,,np
22,17979,4.865,,np
23,17980,4.875,,np
24,17981,4.885,,np
25,17982,4.875,,np
26,17983,4.885,,np
27,17984,4.895,,np
28,17985,4.9,,np
29,17986,4.885,,np
0,18262,4.815,,np
1,18263,4.83,,np
2,18264,4.83,,np
3,18265,4.81,,np
4,18266,4.805,,np
5,18267,4.82,,np
6,18268,4.815,,np
7,18269,4.795,,np
8,18270,4.745,,np
9,18271,4.695,,np
10,18272,4.685,,np
11,18273,4.63,,np
12,18274,4.66,,np
13,18275,4.69,,np
14,18276,5.095,,np
15,18277,5.41,,np
16,18278,5.795,,np
17,18279,6.07,,np
18,18280,6.05,,np
19,18281,5.595,,np
20,18282,4.985,,np
21,18283,4.655,,np
22,18284,4.665,,np
23,18285,4.75,,np
24,18286,4.775,,np
25,18287,4.765,,np
26,18288,4.775,,np
27,18289,4.77,,np
28,18290,4.77,,np
29,18291,4.765,,np
0,19040,4.72,,np
1,19041,4.7,,np
2,19042,4.72,,np
3,19043,4.715,,np
4,19044,4.715,,np
5,19045,4.705,,np
6,19046,4.715,,np
7,19047,4.73,,np
8,19048,4.735,,np
9,19049,4.735,,np
10,19050,4.73,,np
11,19051,4.74,,np
12,19052,4.73,,np
13,19053,4.72,,np
14,19054,4.715,,np
15,19055,4.72,,np
16,19056,4.72,,np
17,19057,4.715,,np
18,19058,4.705,,np
19,19059,4.71,,np
20,19060,4.725,,np
21,19061,4.705,,np
22,19062,4.7,,np
23,19063,4.695,,np
24,19064,4.7,,np
25,19065,4.7,,np
26,19066,4.685,,np
27,19067,4.7,,np
28,19068,4.71,,np
29,19069,4.695,,np
0,19328,4.85,,np
1,19329,4.855,,np
2,19330,4.88,,np
3,19331,4.905,,np
4,19332,4.915,,np
5,19333,4.915,,np
6,19334,4.915,,np
7,19335,4.925,,np
8,19336,4.925,,np
9,19337,4.94,,np
10,19338,4.95,,np
11,19339,4.975,,np
12,19340,4.96,,np
13,19341,4.945,,np
14,19342,4.95,,np
15,19343,4.96,,np
16,19344,4.955,,np
17,19345,4.93,,np
18,19346,4.93,,np
19,19347,4.94,,np
20,19348,4.945,,np
21,19349,4.935,,np
22,19350,4.93,,np
23,19351,4.96,,np
24,19352,4.985,,np
25,19353,4.965,,np
26,19354,4.92,,np
27,19355,4.9,,np
28,19356,4.89,,np
29,19357,4.855,,np
0,19436,4.78,,np
1,19437,4.77,,np
2,19438,4.78,,np
3,19439,4.8,,np
4,19440,4.78,,np
5,19441,4.755,,np
6,19442,4.76,,np
7,19443,4.77,,np
8,19444,4.77,,np
9,19445,4.77,,np
10,19446,4.745,,np
11,19447,4.755,,np
12,19448,4.755,,np
13,19449,4.745,,np
14,19450,4.735,,np
15,19451,4.765,,np
16,19452,4.76,,np
17,19453,4.735,,np
18,19454,4.735,,np
19,19455,4.75,,np
20,19456,4.755,,np
21,19457,4.745,,np
22,19458,4.75,,np
23,19459,4.765,,np
24,19460,4.8,,np
25,19461,4.815,,np
26,19462,4.81,,np
27,19463,4.825,,np
28,19464,4.845,,np
29,19465,4.84,,np
0,19803,4.725,,np
1,19804,4.725,,np
2,19805,4.74,,np
3,19806,4.74,,np
4,19807,4.73,,np
5,19808,4.72,,np
6,19809,4.73,,np
7,19810,4.75,,np
8,19811,4.74,,np
9,19812,4.73,,np
10,19813,4.74,,np
11,19814,4.76,,np
12,19815,4.76,,np
13,19816,4.75,,np
14,19817,4.745,,np
15,19818,4.75,,np
16,19819,4.745,,np
17,19820,4.73,,np
18,19821,4.72,,np
19,19822,4.735,,np
20,19823,4.73,,np
21,19824,4.715,,np
22,19825,4.705,,np
23,19826,4.72,,np
24,19827,4.725,,np
25,19828,4.715,,np
26,19829,4.715,,np
27,19830,4.725,,np
28,19831,4.74,,np
29,19832,4.755,,np
0,19904,4.92,,np
1,19905,4.93,,np
2,19906,4.945,,np
3,19907,4.945,,np
4,19908,4.925,,np
5,19909,4.93,,np
6,19910,4.935,,np
7,19911,4.94,,np
8,19912,4.92,,np
9,19913,4.925,,np
10,19914,4.96,,np
11,19915,4.975,,np
12,19916,4.91,,np
13,19917,4.895,,np
14,19918,4.88,,np
15,19919,4.865,,np
16,19920,4.84,,np
17,19921,4.82,,np
18,19922,4.81,,np
19,19923,4.815,,np
20,19924,4.815,,np
21,19925,4.805,,np
22,19926,4.81,,np
23,19927,4.815,,np
24,19928,4.8,,np
25,19929,4.795,,np
26,19930,4.81,,np
27,19931,4.81,,np
28,19932,4.81,,np
29,19933,4.805,,np
0,19948,5.99,,np
1,19949,6.015,,np
2,19950,5.975,,np
3,19951,5.13,,np
4,19952,4.7,,np
5,19953,4.63,,np
6,19954,4.715,,np
7,19955,4.77,,np
8,19956,4.775,,np
9,19957,4.76,,np
10,19958,4.755,,np
11,19959,4.77,,np
12,19960,4.785,,np
13,19961,4.775,,np
14,19962,4.765,,np
15,19963,4.775,,np
16,19964,4.785,,np
17,19965,4.785,,np
18,19966,4.755,,np
19,19967,4.76,,np
20,19968,4.77,,np
21,19969,4.765,,np
22,19970,4.745,,np
23,19971,4.75,,np
24,19972,4.75,,np
25,19973,4.755,,np
26,19974,4.755,,np
27,19975,4.745,,np
28,19976,4.765,,np
29,19977,4.775,,np
0,20533,4.68,,np
1,20534,4.69,,np
2,20535,4.705,,np
3,20536,4.7,,np
4,20537,4.69,,np
5,20538,4.695,,np
6,20539,4.69,,np
7,20540,4.7,,np
8,20541,4.685,,np
9,20542,4.695,,np
10,20543,4.7,,np
11,20544,4.695,,np
12,20545,4.68,,np
13,20546,4.685,,np
14,20547,4.69,,np
15,20548,4.685,,np
16,20549,4.67,,np
17,20550,4.675,,np
18,20551,4.685,,np
19,20552,4.695,,np
20,20553,4.7,,np
21,20554,4.705,,np
22,20555,4.72,,np
23,20556,4.735,,np
24,20557,4.745,,np
25,20558,4.735,,np
26,20559,4.755,,np
27,20560,4.78,,np
28,20561,4.785,,np
29,20562,4.78,,np
0,20889,4.74,,np
1,20890,4.74,,np
2,20891,4.73,,np
3,20892,4.73,,np
4,20893,4.735,,np
5,20894,4.73,,np
6,20895,4.715,,np
7,20896,4.72,,np
8,20897,4.735,,np
9,20898,4.745,,np
10,20899,4.73,,np
11,20900,4.73,,np
12,20901,4.74,,np
13,20902,4.74,,np
14,20903,4.725,,np
15,20904,4.725,,np
16,20905,4.735,,np
17,20906,4.745,,np
18,20907,4.725,,np
19,20908,4.735,,np
20,20909,4.74,,np
21,20910,4.745,,np
22,20911,4.74,,np
23,20912,4.735,,np
24,20913,4.73,,np
25,20914,4.745,,np
26,20915,4.725,,np
27,20916,4.71,,np
28,20917,4.71,,np
29,20918,4.725,,np
0,21259,5.525,,np
1,21260,4.935,,np
2,21261,4.645,,np
3,21262,4.67,,np
4,21263,4.755,,np
5,21264,4.79,,np
6,21265,4.765,,np
7,21266,4.76,,np
8,21267,4.76,,np
9,21268,4.77,,np
10,21269,4.765,,np
11,21270,4.745,,np
12,21271,4.74,,np
13,21272,4.755,,np
14,21273,4.75,,np
15,21274,4.745,,np
16,21275,4.74,,np
17,21276,4.75,,np
18,21277,4.76,,np
19,21278,4.745,,np
20,21279,4.74,,np
21,21280,4.745,,np
22,21281,4.76,,np
23,21282,4.76,,np
24,21283,4.755,,np
25,21284,4.755,,np
26,21285,4.77,,np
27,21286,4.76,,np
28,21287,4.745,,np
29,21288,4.745,,np
0,21623,4.73,,np
1,21624,4.66,,np
2,21625,4.645,,np
3,21626,4.595,,np
4,21627,4.6,,np
5,21628,4.735,,np
6,21629,4.925,,np
7,21630,5.22,,np
8,21631,5.6,,np
9,21632,5.89,,np
10,21633,6.045,,np
11,21634,6.165,,np
12,21635,6.11,,np
13,21636,5.8,,np
14,21637,5.335,,np
15,21638,4.885,,np
16,21639,4.64,,np
17,21640,4.585,,np
18,21641,4.62,,np
19,21642,4.695,,np
20,21643,4.73,,np
21,21644,4.715,,np
22,21645,4.71,,np
23,21646,4.71,,np
24,21647,4.71,,np
25,21648,4.715,,np
26,21649,4.71,,np
27,21650,4.705,,np
28,21651,4.715,,np
29,21652,4.725,,np
0,22401,4.79,,np
1,22402,4.78,,np
2,22403,4.715,,np
3,22404,4.685,,np
4,22405,4.66,,np
5,22406,4.62,,np
6,22407,4.655,,np
7,22408,4.8,,np
8,22409,5.02,,np
9,22410,5.345,,np
10,22411,5.73,,np
11,22412,5.995,,np
12,22413,6.02,,np
13,22414,5.72,,np
14,22415,5.175,,np
15,22416,4.76,,np
16,22417,4.645,,np
17,22418,4.675,,np
18,22419,4.74,,np
19,22420,4.75,,np
20,22421,4.745,,np
21,22422,4.755,,np
22,22423,4.775,,np
23,22424,4.76,,np
24,22425,4.755,,np
25,22426,4.765,,np
26,22427,4.77,,np
27,22428,4.77,,np
28,22429,4.755,,np
29,22430,4.775,,np
0,22993,5.025,,np
1,22994,5.055,,np
2,22995,5.03,,np
3,22996,4.97,,np
4,22997,4.95,,np
5,22998,4.935,,np
6,22999,4.915,,np
7,23000,4.905,,np
8,23001,4.875,,np
9,23002,4.87,,np
10,23003,4.87,,np
11,23004,4.86,,np
12,23005,4.87,,np
13,23006,4.87,,np
14,23007,4.87,,np
15,23008,4.85,,np
16,23009,4.85,,np
17,23010,4.86,,np
18,23011,4.855,,np
19,23012,4.85,,np
20,23013,4.835,,np
21,23014,4.845,,np
22,23015,4.855,,np
23,23016,4.835,,np
24,23017,4.815,,np
25,23018,4.775,,np
26,23019,4.735,,np
27,23020,4.7,,np
28,23021,4.65,,np
29,23022,4.665,,np
0,23104,4.88,,np
1,23105,4.885,,np
2,23106,4.905,,np
3,23107,4.91,,np
4,23108,4.895,,np
5,23109,4.895,,np
6,23110,4.915,,np
7,23111,4.92,,np
8,23112,4.92,,np
9,23113,4.905,,np
10,23114,4.93,,np
11,23115,4.92,,np
12,23116,4.915,,np
13,23117,4.905,,np
14,23118,4.915,,np
15,23119,4.915,,np
16,23120,4.905,,np
17,23121,4.895,,np
18,23122,4.9,,np
19,23123,4.91,,np
20,23124,4.9,,np
21,23125,4.89,,np
22,23126,4.88,,np
23,23127,4.88,,np
24,23128,4.89,,np
25,23129,4.88,,np
26,23130,4.88,,np
27,23131,4.89,,np
28,23132,4.9,,np
29,23133,4.895,,np
0,23989,4.85,,np
1,23990,4.86,,np
2,23991,4.865,,np
3,23992,4.865,,np
4,23993,4.875,,np
5,23994,4.885,,np
6,23995,4.885,,np
7,23996,4.88,,np
8,23997,4.905,,np
9,23998,4.935,,np
10,23999,4.935,,np
11,24000,4.93,,np
12,24001,4.915,,np
13,24002,4.915,,np
14,24003,4.91,,np
15,24004,4.905,,np
16,24005,4.91,,np
17,24006,4.92,,np
18,24007,4.92,,np
19,24008,4.92,,np
20,24009,4.925,,np
21,24010,4.905,,np
22,24011,4.875,,np
23,24012,4.84,,np
24,24013,4.81,,np
25,24014,4.8,,np
26,24015,4.81,,np
27,24016,4.795,,np
28,24017,4.78,,np
29,24018,4.78,,np
0,24090,4.675,,np
1,24091,4.645,,np
2,24092,4.65,,np
3,24093,4.67,,np
4,24094,4.685,,np
5,24095,4.685,,np
6,24096,4.675,,np
7,24097,4.675,,np
8,24098,4.68,,np
9,24099,4.675,,np
10,24100,4.67,,np
11,24101,4.66,,np
12,24102,4.675,,np
13,24103,4.67,,np
14,24104,4.67,,np
15,24105,4.67,,np
16,24106,4.665,,np
17,24107,4.665,,np
18,24108,4.645,,np
19,24109,4.64,,np
20,24110,4.635,,np
21,24111,4.64,,np
22,24112,4.625,,np
23,24113,4.62,,np
24,24114,4.62,,np
25,24115,4.635,,np
26,24116,4.625,,np
27,24117,4.615,,np
28,24118,4.64,,np
29,24119,4.655,,np
0,24634,4.795,,np
1,24635,4.78,,np
2,24636,4.785,,np
3,24637,4.76,,np
4,24638,4.75,,np
5,24639,4.76,,np
6,24640,4.77,,np
7,24641,4.76,,np
8,24642,4.745,,np
9,24643,4.74,,np
10,24644,4.75,,np
11,24645,4.73,,np
12,24646,4.725,,np
13,24647,4.735,,np
14,24648,4.75,,np
15,24649,4.745,,np
16,24650,4.74,,np
17,24651,4.74,,np
18,24652,4.745,,np
19,24653,4.71,,np
20,24654,4.655,,np
21,24655,4.625,,np
22,24656,4.625,,np
23,24657,4.565,,np
24,24658,4.53,,np
25,24659,4.62,,np
26,24660,4.82,,np
27,24661,5.07,,np
28,24662,5.435,,np
29,24663,5.8,,np
0,24755,4.8,,np
1,24756,4.815,,np
2,24757,4.82,,np
3,24758,4.805,,np
4,24759,4.8,,np
5,24760,4.805,,np
6,24761,4.82,,np
7,24762,4.805,,np
8,24763,4.795,,np
9,24764,4.785,,np
10,24765,4.805,,np
11,24766,4.795,,np
12,24767,4.79,,np
13,24768,4.785,,np
14,24769,4.795,,np
15,24770,4.785,,np
16,24771,4.78,,np
17,24772,4.775,,np
18,24773,4.8,,np
19,24774,4.79,,np
20,24775,4.78,,np
21,24776,4.775,,np
22,24777,4.78,,np
23,24778,4.775,,np
24,24779,4.76,,np
25,24780,4.75,,np
26,24781,4.77,,np
27,24782,4.765,,np
28,24783,4.775,,np
29,24784,4.77,,np
0,25387,4.71,,np
1,25388,4.695,,np
2,25389,4.715,,np
3,25390,4.725,,np
4,25391,4.73,,np
5,25392,4.7,,np
6,25393,4.7,,np
7,25394,4.715,,np
8,25395,4.715,,np
9,25396,4.7,,np
10,25397,4.71,,np
11,25398,4.725,,np
12,25399,4.73,,np
13,25400,4.725,,np
14,25401,4.71,,np
15,25402,4.735,,np
16,25403,4.74,,np
17,25404,4.73,,np
18,25405,4.715,,np
19,25406,4.725,,np
20,25407,4.725,,np
21,25408,4.715,,np
22,25409,4.72,,np
23,25410,4.735,,np
24,25411,4.76,,np
25,25412,4.785,,np
26,25413,4.785,,np
27,25414,4.8,,np
28,25415,4.81,,np
29,25416,4.81,,np
0,26010,4.78,,np
1,26011,4.79,,np
2,26012,4.78,,np
3,26013,4.775,,np
4,26014,4.78,,np
5,26015,4.78,,np
6,26016,4.78,,np
7,26017,4.78,,np
8,26018,4.78,,np
9,26019,4.79,,np
10,26020,4.79,,np
11,26021,4.775,,np
12,26022,4.77,,np
13,26023,4.785,,np
14,26024,4.785,,np
15,26025,4.78,,np
16,26026,4.77,,np
17,26027,4.775,,np
18,26028,4.79,,np
19,26029,4.785,,np
20,26030,4.78,,np
21,26031,4.815,,np
22,26032,4.84,,np
23,26033,4.85,,np
24,26034,4.85,,np
25,26035,4.865,,np
26,26036,4.875,,np
27,26037,4.875,,np
28,26038,4.875,,np
29,26039,4.88,,np
0,26119,4.765,,np
1,26120,4.765,,np
2,26121,4.765,,np
3,26122,4.755,,np
4,26123,4.775,,np
5,26124,4.775,,np
6,26125,4.77,,np
7,26126,4.76,,np
8,26127,4.77,,np
9,26128,4.77,,np
10,26129,4.76,,np
11,26130,4.745,,np
12,26131,4.77,,np
13,26132,4.78,,np
14,26133,4.775,,np
15,26134,4.77,,np
16,26135,4.765,,np
17,26136,4.765,,np
18,26137,4.76,,np
19,26138,4.75,,np
20,26139,4.755,,np
21,26140,4.77,,np
22,26141,4.76,,np
23,26142,4.73,,np
24,26143,4.735,,np
25,26144,4.75,,np
26,26145,4.73,,np
27,26146,4.725,,np
28,26147,4.715,,np
29,26148,4.73,,np
0,26733,4.735,,np
1,26734,4.725,,np
2,26735,4.72,,np
3,26736,4.725,,np
4,26737,4.71,,np
5,26738,4.715,,np
6,26739,4.71,,np
7,26740,4.71,,np
8,26741,4.705,,np
9,26742,4.695,,np
10,26743,4.685,,np
11,26744,4.685,,np
12,26745,4.685,,np
13,26746,4.665,,np
14,26747,4.665,,np
15,26748,4.665,,np
16,26749,4.68,,np
17,26750,4.685,,np
18,26751,4.665,,np
19,26752,4.695,,np
20,26753,4.705,,np
21,26754,4.715,,np
22,26755,4.715,,np
23,26756,4.735,,np
24,26757,4.755,,np
25,26758,4.76,,np
26,26759,4.76,,np
27,26760,4.78,,np
28,26761,4.79,,np
29,26762,4.8,,np
0,27100,5.2,,np
1,27101,5.815,,np
2,27102,6.035,,np
3,27103,5.985,,np
4,27104,5.57,,np
5,27105,5.02,,np
6,27106,4.71,,np
7,27107,4.685,,np
8,27108,4.755,,np
9,27109,4.78,,np
10,27110,4.785,,np
11,27111,4.805,,np
12,27112,4.81,,np
13,27113,4.79,,np
14,27114,4.795,,np
15,27115,4.8,,np
16,27116,4.805,,np
17,27117,4.795,,np
18,27118,4.79,,np
19,27119,4.815,,np
20,27120,4.82,,np
21,27121,4.805,,np
22,27122,4.8,,np
23,27123,4.805,,np
24,27124,4.815,,np
25,27125,4.81,,np
26,27126,4.805,,np
27,27127,4.805,,np
28,27128,4.82,,np
29,27129,4.805,,np
0,27644,4.865,,np
1,27645,4.87,,np
2,27646,4.86,,np
3,27647,4.845,,np
4,27648,4.855,,np
5,27649,4.86,,np
6,27650,4.865,,np
7,27651,4.85,,np
8,27652,4.85,,np
9,27653,4.86,,np
10,27654,4.85,,np
11,27655,4.845,,np
12,27656,4.845,,np
13,27657,4.865,,np
14,27658,4.865,,np
15,27659,4.855,,np
16,27660,4.87,,np
17,27661,4.88,,np
18,27662,4.88,,np
19,27663,4.865,,np
20,27664,4.87,,np
21,27665,4.915,,np
22,27666,4.93,,np
23,27667,4.935,,np
24,27668,4.925,,np
25,27669,4.935,,np
26,27670,4.97,,np
27,27671,4.965,,np
28,27672,4.975,,np
29,27673,4.98,,np
0,28513,4.805,,np
1,28514,4.78,,np
2,28515,4.805,,np
3,28516,4.795,,np
4,28517,4.755,,np
5,28518,4.705,,np
6,28519,4.7,,np
7,28520,4.69,,np
8,28521,4.625,,np
9,28522,4.605,,np
10,28523,4.725,,np
11,28524,4.895,,np
12,28525,4.95,,np
13,28526,5.425,,np
14,28527,5.795,,np
15,28528,5.96,,np
16,28529,5.88,,np
17,28530,5.49,,np
18,28531,4.99,,np
19,28532,4.68,,np
20,28533,4.63,,np
21,28534,4.685,,np
22,28535,4.735,,np
23,28536,4.765,,np
24,28537,4.78,,np
25,28538,4.765,,np
26,28539,4.77,,np
27,28540,4.77,,np
28,28541,4.78,,np
29,28542,4.765,,np
0,29136,4.79,,np
1,29137,4.805,,np
2,29138,4.79,,np
3,29139,4.795,,np
4,29140,4.795,,np
5,29141,4.81,,np
6,29142,4.79,,np
7,29143,4.79,,np
8,29144,4.79,,np
9,29145,4.8,,np
10,29146,4.795,,np
11,29147,4.775,,np
12,29148,4.805,,np
13,29149,4.8,,np
14,29150,4.805,,np
15,29151,4.81,,np
16,29152,4.805,,np
17,29153,4.82,,np
18,29154,4.82,,np
19,29155,4.805,,np
20,29156,4.805,,np
21,29157,4.81,,np
22,29158,4.815,,np
23,29159,4.81,,np
24,29160,4.805,,np
25,29161,4.815,,np
26,29162,4.825,,np
27,29163,4.81,,np
28,29164,4.8,,np
29,29165,4.81,,np
0,29236,4.87,,np
1,29237,4.875,,np
2,29238,4.86,,np
3,29239,4.855,,np
4,29240,4.855,,np
5,29241,4.86,,np
6,29242,4.865,,np
7,29243,4.855,,np
8,29244,4.855,,np
9,29245,4.845,,np
10,29246,4.84,,np
11,29247,4.835,,np
12,29248,4.84,,np
13,29249,4.85,,np
14,29250,4.845,,np
15,29251,4.83,,np
16,29252,4.82,,np
17,29253,4.85,,np
18,29254,4.855,,np
19,29255,4.84,,np
20,29256,4.83,,np
21,29257,4.845,,np
22,29258,4.855,,np
23,29259,4.845,,np
24,29260,4.82,,np
25,29261,4.82,,np
26,29262,4.845,,np
27,29263,4.83,,np
28,29264,4.81,,np
29,29265,4.85,,np
0,29285,4.89,,np
1,29286,4.9,,np
2,29287,4.91,,np
3,29288,4.93,,np
4,29289,4.9,,np
5,29290,4.87,,np
6,29291,4.855,,np
7,29292,4.835,,np
8,29293,4.8,,np
9,29294,4.815,,np
10,29295,4.825,,np
11,29296,4.815,,np
12,29297,4.805,,np
13,29298,4.805,,np
14,29299,4.795,,np
15,29300,4.79,,np
16,29301,4.77,,np
17,29302,4.78,,np
18,29303,4.79,,np
19,29304,4.785,,np
20,29305,4.775,,np
21,29306,4.76,,np
22,29307,4.78,,np
23,29308,4.785,,np
24,29309,4.76,,np
25,29310,4.72,,np
26,29311,4.685,,np
27,29312,4.68,,np
28,29313,4.66,,np
29,29314,4.595,,np
0,29333,4.73,,np
1,29334,4.725,,np
2,29335,4.715,,np
3,29336,4.725,,np
4,29337,4.71,,np
5,29338,4.7,,np
6,29339,4.695,,np
7,29340,4.705,,np
8,29341,4.71,,np
9,29342,4.705,,np
10,29343,4.69,,np
11,29344,4.7,,np
12,29345,4.705,,np
13,29346,4.71,,np
14,29347,4.7,,np
15,29348,4.7,,np
16,29349,4.71,,np
17,29350,4.71,,np
18,29351,4.685,,np
19,29352,4.69,,np
20,29353,4.7,,np
21,29354,4.69,,np
22,29355,4.685,,np
23,29356,4.685,,np
24,29357,4.705,,np
25,29358,4.695,,np
26,29359,4.69,,np
27,29360,4.695,,np
28,29361,4.715,,np
29,29362,4.72,,np
0,29877,4.925,,np
1,29878,4.935,,np
2,29879,4.92,,np
3,29880,4.925,,np
4,29881,4.95,,np
5,29882,4.94,,np
6,29883,4.915,,np
7,29884,4.885,,np
8,29885,4.855,,np
9,29886,4.84,,np
10,29887,4.84,,np
11,29888,4.815,,np
12,29889,4.795,,np
13,29890,4.81,,np
14,29891,4.815,,np
15,29892,4.815,,np
16,29893,4.8,,np
17,29894,4.81,,np
18,29895,4.825,,np
19,29896,4.815,,np
20,29897,4.805,,np
21,29898,4.81,,np
22,29899,4.81,,np
23,29900,4.815,,np
24,29901,4.795,,np
25,29902,4.785,,np
26,29903,4.805,,np
27,29904,4.8,,np
28,29905,4.79,,np
29,29906,4.77,,np
0,30746,4.775,,np
1,30747,4.77,,np
2,30748,4.76,,np
3,30749,4.765,,np
4,30750,4.765,,np
5,30751,4.755,,np
6,30752,4.75,,np
7,30753,4.76,,np
8,30754,4.765,,np
9,30755,4.765,,np
10,30756,4.775,,np
11,30757,4.77,,np
12,30758,4.79,,np
13,30759,4.785,,np
14,30760,4.78,,np
15,30761,4.785,,np
16,30762,4.785,,np
17,30763,4.785,,np
18,30764,4.76,,np
19,30765,4.76,,np
20,30766,4.77,,np
21,30767,4.755,,np
22,30768,4.745,,np
23,30769,4.75,,np
24,30770,4.76,,np
25,30771,4.75,,np
26,30772,4.74,,np
27,30773,4.745,,np
28,30774,4.765,,np
29,30775,4.77,,np
0,31363,4.715,,np
1,31364,4.705,,np
2,31365,4.715,,np
3,31366,4.73,,np
4,31367,4.73,,np
5,31368,4.72,,np
6,31369,4.71,,np
7,31370,4.73,,np
8,31371,4.745,,np
9,31372,4.735,,np
10,31373,4.745,,np
11,31374,4.78,,np
12,31375,4.79,,np
13,31376,4.795,,np
14,31377,4.795,,np
15,31378,4.81,,np
16,31379,4.825,,np
17,31380,4.805,,np
18,31381,4.81,,np
19,31382,4.825,,np
20,31383,4.83,,np
21,31384,4.82,,np
22,31385,4.82,,np
23,31386,4.83,,np
24,31387,4.855,,np
25,31388,4.845,,np
26,31389,4.84,,np
27,31390,4.84,,np
28,31391,4.855,,np
29,31392,4.85,,np
0,31729,4.685,,np
1,31730,4.685,,np
2,31731,4.655,,np
3,31732,4.645,,np
4,31733,4.67,,np
5,31734,4.655,,np
6,31735,4.655,,np
7,31736,4.665,,np
8,31737,4.68,,np
9,31738,4.685,,np
10,31739,4.67,,np
11,31740,4.67,,np
12,31741,4.68,,np
13,31742,4.665,,np
14,31743,4.655,,np
15,31744,4.655,,np
16,31745,4.68,,np
17,31746,4.675,,np
18,31747,4.66,,np
19,31748,4.65,,np
20,31749,4.655,,np
21,31750,4.65,,np
22,31751,4.63,,np
23,31752,4.65,,np
24,31753,4.665,,np
25,31754,4.645,,np
26,31755,4.635,,np
27,31756,4.615,,np
28,31757,4.59,,np
29,31758,4.605,,np
0,32607,4.845,,np
1,32608,4.865,,np
2,32609,4.86,,np
3,32610,4.855,,np
4,32611,4.865,,np
5,32612,4.87,,np
6,32613,4.86,,np
7,32614,4.845,,np
8,32615,4.855,,np
9,32616,4.865,,np
10,32617,4.865,,np
11,32618,4.85,,np
12,32619,4.875,,np
13,32620,4.895,,np
14,32621,4.86,,np
15,32622,4.82,,np
16,32623,4.81,,np
17,32624,4.8,,np
18,32625,4.8,,np
19,32626,4.765,,np
20,32627,4.75,,np
21,32628,4.76,,np
22,32629,4.77,,np
23,32630,4.765,,np
24,32631,4.755,,np
25,32632,4.765,,np
26,32633,4.765,,np
27,32634,4.76,,np
28,32635,4.74,,np
29,32636,4.75,,np
0,32895,4.8,,np
1,32896,4.805,,np
2,32897,4.795,,np
3,32898,4.79,,np
4,32899,4.805,,np
5,32900,4.815,,np
6,32901,4.8,,np
7,32902,4.795,,np
8,32903,4.8,,np
9,32904,4.8,,np
10,32905,4.8,,np
11,32906,4.795,,np
12,32907,4.81,,np
13,32908,4.805,,np
14,32909,4.805,,np
15,32910,4.795,,np
16,32911,4.795,,np
17,32912,4.8,,np
18,32913,4.795,,np
19,32914,4.78,,np
20,32915,4.785,,np
21,32916,4.805,,np
22,32917,4.805,,np
23,32918,4.795,,np
24,32919,4.79,,np
25,32920,4.81,,np
26,32921,4.805,,np
27,32922,4.805,,np
28,32923,4.8,,np
29,32924,4.825,,np
0,33011,4.965,,np
1,33012,4.99,,np
2,33013,4.98,,np
3,33014,4.93,,np
4,33015,4.895,,np
5,33016,4.9,,np
6,33017,4.875,,np
7,33018,4.855,,np
8,33019,4.84,,np
9,33020,4.85,,np
10,33021,4.855,,np
11,33022,4.85,,np
12,33023,4.84,,np
13,33024,4.855,,np
14,33025,4.86,,np
15,33026,4.85,,np
16,33027,4.835,,np
17,33028,4.835,,np
18,33029,4.835,,np
19,33030,4.82,,np
20,33031,4.815,,np
21,33032,4.825,,np
22,33033,4.835,,np
23,33034,4.825,,np
24,33035,4.815,,np
25,33036,4.82,,np
26,33037,4.825,,np
27,33038,4.81,,np
28,33039,4.755,,np
29,33040,4.71,,np
0,33578,4.93,,np
1,33579,4.945,,np
2,33580,4.95,,np
3,33581,4.945,,np
4,33582,4.95,,np
5,33583,4.94,,np
6,33584,4.94,,np
7,33585,4.915,,np
8,33586,4.92,,np
9,33587,4.93,,np
10,33588,4.915,,np
11,33589,4.92,,np
12,33590,4.95,,np
13,33591,4.935,,np
14,33592,4.89,,np
15,33593,4.87,,np
16,33594,4.845,,np
17,33595,4.84,,np
18,33596,4.845,,np
19,33597,4.82,,np
20,33598,4.8,,np
21,33599,4.825,,np
22,33600,4.835,,np
23,33601,4.82,,np
24,33602,4.805,,np
25,33603,4.8,,np
26,33604,4.805,,np
27,33605,4.805,,np
28,33606,4.795,,np
29,33607,4.795,,np
0,33626,5.165,,np
1,33627,4.675,,np
2,33628,4.6,,np
3,33629,4.7,,np
4,33630,4.755,,np
5,33631,4.74,,np
6,33632,4.745,,np
7,33633,4.76,,np
8,33634,4.755,,np
9,33635,4.755,,np
10,33636,4.755,,np
11,33637,4.76,,np
12,33638,4.755,,np
13,33639,4.73,,np
14,33640,4.74,,np
15,33641,4.755,,np
16,33642,4.745,,np
17,33643,4.735,,np
18,33644,4.735,,np
19,33645,4.745,,np
20,33646,4.75,,np
21,33647,4.74,,np
22,33648,4.72,,np
23,33649,4.73,,np
24,33650,4.74,,np
25,33651,4.735,,np
26,33652,4.735,,np
27,33653,4.735,,np
28,33654,4.74,,np
29,33655,4.74,,np
0,33672,4.74,,np
1,33673,4.735,,np
2,33674,4.745,,np
3,33675,4.76,,np
4,33676,4.74,,np
5,33677,4.725,,np
6,33678,4.73,,np
7,33679,4.74,,np
8,33680,4.725,,np
9,33681,4.72,,np
10,33682,4.71,,np
11,33683,4.715,,np
12,33684,4.725,,np
13,33685,4.715,,np
14,33686,4.72,,np
15,33687,4.73,,np
16,33688,4.735,,np
17,33689,4.73,,np
18,33690,4.73,,np
19,33691,4.74,,np
20,33692,4.75,,np
21,33693,4.755,,np
22,33694,4.755,,np
23,33695,4.765,,np
24,33696,4.785,,np
25,33697,4.77,,np
26,33698,4.785,,np
27,33699,4.805,,np
28,33700,4.82,,np
29,33701,4.82,,np
0,33720,4.83,,np
1,33721,4.835,,np
2,33722,4.815,,np
3,33723,4.805,,np
4,33724,4.83,,np
5,33725,4.84,,np
6,33726,4.82,,np
7,33727,4.815,,np
8,33728,4.815,,np
9,33729,4.82,,np
10,33730,4.815,,np
11,33731,4.795,,np
12,33732,4.8,,np
13,33733,4.815,,np
14,33734,4.815,,np
15,33735,4.805,,np
16,33736,4.795,,np
17,33737,4.815,,np
18,33738,4.805,,np
19,33739,4.79,,np
20,33740,4.785,,np
21,33741,4.8,,np
22,33742,4.8,,np
23,33743,4.79,,np
24,33744,4.78,,np
25,33745,4.805,,np
26,33746,4.81,,np
27,33747,4.79,,np
28,33748,4.77,,np
29,33749,4.78,,np
