n,signal,col2,sel_peak
0,356,4.69,np
1,357,4.685,np
2,358,4.695,np
3,359,4.695,np
4,360,4.67,np
5,361,4.665,np
6,362,4.69,np
7,363,4.68,np
8,364,4.68,np
9,365,4.665,np
10,366,4.685,np
11,367,4.685,np
12,368,4.675,np
13,369,4.67,np
14,370,4.68,np
15,371,4.69,np
16,372,4.68,np
17,373,4.675,np
18,374,4.68,np
19,375,4.685,np
20,376,4.685,np
21,377,4.68,np
22,378,4.685,np
23,379,4.695,np
24,380,4.685,np
25,381,4.68,np
26,382,4.685,np
27,383,4.695,np
28,384,4.69,np
29,385,4.685,np
0,720,5.955,np
1,721,5.58,np
2,722,5.035,np
3,723,4.66,np
4,724,4.58,np
5,725,4.585,np
6,726,4.715,np
7,727,4.71,np
8,728,4.715,np
9,729,4.735,np
10,730,4.73,np
11,731,4.725,np
12,732,4.725,np
13,733,4.725,np
14,734,4.725,np
15,735,4.73,np
16,736,4.715,np
17,737,4.72,np
18,738,4.73,np
19,739,4.72,np
20,740,4.71,np
21,741,4.705,np
22,742,4.715,np
23,743,4.72,np
24,744,4.705,np
25,745,4.705,np
26,746,4.715,np
27,747,4.71,np
28,748,4.7,np
29,749,4.71,np
0,768,4.725,np
1,769,4.705,np
2,770,4.72,np
3,771,4.745,np
4,772,4.735,np
5,773,4.71,np
6,774,4.705,np
7,775,4.7,np
8,776,4.685,np
9,777,4.685,np
10,778,4.695,np
11,779,4.705,np
12,780,4.71,np
13,781,4.69,np
14,782,4.68,np
15,783,4.685,np
16,784,4.69,np
17,785,4.675,np
18,786,4.675,np
19,787,4.69,np
20,788,4.695,np
21,789,4.69,np
22,790,4.695,np
23,791,4.73,np
24,792,4.77,np
25,793,4.785,np
26,794,4.77,np
27,795,4.78,np
28,796,4.805,np
29,797,4.8,np
0,1312,4.69,np
1,1313,4.705,np
2,1314,4.7,np
3,1315,4.695,np
4,1316,4.7,np
5,1317,4.705,np
6,1318,4.7,np
7,1319,4.695,np
8,1320,4.705,np
9,1321,4.7,np
10,1322,4.685,np
11,1323,4.675,np
12,1324,4.685,np
13,1325,4.69,np
14,1326,4.695,np
15,1327,4.7,np
16,1328,4.68,np
17,1329,4.7,np
18,1330,4.705,np
19,1331,4.705,np
20,1332,4.7,np
21,1333,4.695,np
22,1334,4.7,np
23,1335,4.685,np
24,1336,4.68,np
25,1337,4.685,np
26,1338,4.7,np
27,1339,4.69,np
28,1340,4.675,np
29,1341,4.695,np
0,1856,4.85,np
1,1857,4.82,np
2,1858,4.81,np
3,1859,4.795,np
4,1860,4.775,np
5,1861,4.78,np
6,1862,4.785,np
7,1863,4.795,np
8,1864,4.775,np
9,1865,4.77,np
10,1866,4.77,np
11,1867,4.78,np
12,1868,4.78,np
13,1869,4.77,np
14,1870,4.77,np
15,1871,4.79,np
16,1872,4.775,np
17,1873,4.765,np
18,1874,4.765,np
19,1875,4.76,np
20,1876,4.735,np
21,1877,4.68,np
22,1878,4.65,np
23,1879,4.67,np
24,1880,4.64,np
25,1881,4.565,np
26,1882,4.51,np
27,1883,4.555,np
28,1884,4.615,np
29,1885,4.735,np
0,1909,4.75,np
1,1910,4.73,np
2,1911,4.73,np
3,1912,4.735,np
4,1913,4.74,np
5,1914,4.735,np
6,1915,4.73,np
7,1916,4.735,np
8,1917,4.74,np
9,1918,4.735,np
10,1919,4.73,np
11,1920,4.74,np
12,1921,4.745,np
13,1922,4.75,np
14,1923,4.73,np
15,1924,4.73,np
16,1925,4.735,np
17,1926,4.745,np
18,1927,4.74,np
19,1928,4.73,np
20,1929,4.75,np
21,1930,4.75,np
22,1931,4.735,np
23,1932,4.725,np
24,1933,4.74,np
25,1934,4.75,np
26,1935,4.74,np
27,1936,4.735,np
28,1937,4.75,np
29,1938,4.76,np
0,2724,4.815,np
1,2725,4.82,np
2,2726,4.84,np
3,2727,4.845,np
4,2728,4.85,np
5,2729,4.855,np
6,2730,4.85,np
7,2731,4.84,np
8,2732,4.845,np
9,2733,4.845,np
10,2734,4.85,np
11,2735,4.85,np
12,2736,4.84,np
13,2737,4.84,np
14,2738,4.855,np
15,2739,4.845,np
16,2740,4.815,np
17,2741,4.83,np
18,2742,4.83,np
19,2743,4.835,np
20,2744,4.82,np
21,2745,4.82,np
22,2746,4.835,np
23,2747,4.825,np
24,2748,4.825,np
25,2749,4.81,np
26,2750,4.815,np
27,2751,4.82,np
28,2752,4.825,np
29,2753,4.815,np
0,2778,4.785,np
1,2779,4.795,np
2,2780,4.8,np
3,2781,4.795,np
4,2782,4.785,np
5,2783,4.82,np
6,2784,4.83,np
7,2785,4.84,np
8,2786,4.835,np
9,2787,4.86,np
10,2788,4.87,np
11,2789,4.875,np
12,2790,4.875,np
13,2791,4.885,np
14,2792,4.905,np
15,2793,4.92,np
16,2794,4.92,np
17,2795,4.915,np
18,2796,4.92,np
19,2797,4.9,np
20,2798,4.895,np
21,2799,4.89,np
22,2800,4.895,np
23,2801,4.91,np
24,2802,4.915,np
25,2803,4.91,np
26,2804,4.88,np
27,2805,4.855,np
28,2806,4.835,np
29,2807,4.81,np
0,3322,4.875,np
1,3323,4.875,np
2,3324,4.875,np
3,3325,4.88,np
4,3326,4.89,np
5,3327,4.885,np
6,3328,4.875,np
7,3329,4.88,np
8,3330,4.895,np
9,3331,4.885,np
10,3332,4.87,np
11,3333,4.875,np
12,3334,4.885,np
13,3335,4.885,np
14,3336,4.88,np
15,3337,4.86,np
16,3338,4.88,np
17,3339,4.865,np
18,3340,4.845,np
19,3341,4.855,np
20,3342,4.865,np
21,3343,4.875,np
22,3344,4.86,np
23,3345,4.845,np
24,3346,4.845,np
25,3347,4.855,np
26,3348,4.85,np
27,3349,4.845,np
28,3350,4.845,np
29,3351,4.865,np
0,3628,4.735,np
1,3629,4.75,np
2,3630,4.755,np
3,3631,4.765,np
4,3632,4.745,np
5,3633,4.74,np
6,3634,4.755,np
7,3635,4.765,np
8,3636,4.74,np
9,3637,4.74,np
10,3638,4.755,np
11,3639,4.765,np
12,3640,4.755,np
13,3641,4.755,np
14,3642,4.765,np
15,3643,4.765,np
16,3644,4.74,np
17,3645,4.735,np
18,3646,4.75,np
19,3647,4.765,np
20,3648,4.755,np
21,3649,4.75,np
22,3650,4.755,np
23,3651,4.775,np
24,3652,4.775,np
25,3653,4.755,np
26,3654,4.775,np
27,3655,4.79,np
28,3656,4.775,np
29,3657,4.75,np
0,3676,4.765,np
1,3677,4.77,np
2,3678,4.77,np
3,3679,4.8,np
4,3680,4.835,np
5,3681,4.84,np
6,3682,4.845,np
7,3683,4.865,np
8,3684,4.89,np
9,3685,4.895,np
10,3686,4.895,np
11,3687,4.91,np
12,3688,4.92,np
13,3689,4.925,np
14,3690,4.91,np
15,3691,4.915,np
16,3692,4.925,np
17,3693,4.935,np
18,3694,4.92,np
19,3695,4.915,np
20,3696,4.93,np
21,3697,4.935,np
22,3698,4.93,np
23,3699,4.92,np
24,3700,4.92,np
25,3701,4.925,np
26,3702,4.93,np
27,3703,4.915,np
28,3704,4.91,np
29,3705,4.92,np
0,3980,4.745,np
1,3981,4.75,np
2,3982,4.74,np
3,3983,4.735,np
4,3984,4.74,np
5,3985,4.74,np
6,3986,4.72,np
7,3987,4.705,np
8,3988,4.7,np
9,3989,4.705,np
10,3990,4.715,np
11,3991,4.72,np
12,3992,4.725,np
13,3993,4.735,np
14,3994,4.725,np
15,3995,4.715,np
16,3996,4.71,np
17,3997,4.72,np
18,3998,4.705,np
19,3999,4.69,np
20,4000,4.69,np
21,4001,4.69,np
22,4002,4.69,np
23,4003,4.715,np
24,4004,4.71,np
25,4005,4.71,np
26,4006,4.7,np
27,4007,4.715,np
28,4008,4.72,np
29,4009,4.725,np
0,4758,4.57,np
1,4759,4.585,np
2,4760,4.6,np
3,4761,4.6,np
4,4762,4.59,np
5,4763,4.605,np
6,4764,4.6,np
7,4765,4.61,np
8,4766,4.63,np
9,4767,4.655,np
10,4768,4.68,np
11,4769,4.685,np
12,4770,4.685,np
13,4771,4.71,np
14,4772,4.72,np
15,4773,4.725,np
16,4774,4.725,np
17,4775,4.72,np
18,4776,4.72,np
19,4777,4.73,np
20,4778,4.73,np
21,4779,4.735,np
22,4780,4.765,np
23,4781,4.76,np
24,4782,4.77,np
25,4783,4.77,np
26,4784,4.775,np
27,4785,4.76,np
28,4786,4.735,np
29,4787,4.72,np
0,4859,4.695,np
1,4860,4.7,np
2,4861,4.695,np
3,4862,4.695,np
4,4863,4.7,np
5,4864,4.7,np
6,4865,4.69,np
7,4866,4.675,np
8,4867,4.68,np
9,4868,4.685,np
10,4869,4.675,np
11,4870,4.665,np
12,4871,4.64,np
13,4872,4.6,np
14,4873,4.565,np
15,4874,4.525,np
16,4875,4.51,np
17,4876,4.555,np
18,4877,4.69,np
19,4878,4.87,np
20,4879,5.05,np
21,4880,5.28,np
22,4881,5.575,np
23,4882,5.825,np
24,4883,5.975,np
25,4884,6.095,np
26,4885,6.025,np
27,4886,5.62,np
28,4887,5,np
29,4888,4.605,np
0,4908,4.605,np
1,4909,4.62,np
2,4910,4.635,np
3,4911,4.62,np
4,4912,4.62,np
5,4913,4.62,np
6,4914,4.63,np
7,4915,4.615,np
8,4916,4.61,np
9,4917,4.635,np
10,4918,4.63,np
11,4919,4.615,np
12,4920,4.615,np
13,4921,4.605,np
14,4922,4.625,np
15,4923,4.61,np
16,4924,4.6,np
17,4925,4.595,np
18,4926,4.615,np
19,4927,4.62,np
20,4928,4.62,np
21,4929,4.615,np
22,4930,4.62,np
23,4931,4.615,np
24,4932,4.605,np
25,4933,4.6,np
26,4934,4.61,np
27,4935,4.605,np
28,4936,4.595,np
29,4937,4.585,np
0,5468,4.62,np
1,5469,4.635,np
2,5470,4.635,np
3,5471,4.655,np
4,5472,4.665,np
5,5473,4.685,np
6,5474,4.675,np
7,5475,4.675,np
8,5476,4.72,np
9,5477,4.73,np
10,5478,4.74,np
11,5479,4.745,np
12,5480,4.76,np
13,5481,4.765,np
14,5482,4.755,np
15,5483,4.755,np
16,5484,4.77,np
17,5485,4.775,np
18,5486,4.775,np
19,5487,4.75,np
20,5488,4.78,np
21,5489,4.775,np
22,5490,4.775,np
23,5491,4.76,np
24,5492,4.76,np
25,5493,4.77,np
26,5494,4.765,np
27,5495,4.755,np
28,5496,4.75,np
29,5497,4.755,np
0,5824,4.78,np
1,5825,4.775,np
2,5826,4.815,np
3,5827,4.825,np
4,5828,4.815,np
5,5829,4.81,np
6,5830,4.825,np
7,5831,4.84,np
8,5832,4.835,np
9,5833,4.82,np
10,5834,4.83,np
11,5835,4.85,np
12,5836,4.83,np
13,5837,4.83,np
14,5838,4.845,np
15,5839,4.85,np
16,5840,4.845,np
17,5841,4.83,np
18,5842,4.835,np
19,5843,4.84,np
20,5844,4.84,np
21,5845,4.83,np
22,5846,4.825,np
23,5847,4.825,np
24,5848,4.83,np
25,5849,4.825,np
26,5850,4.82,np
27,5851,4.83,np
28,5852,4.835,np
29,5853,4.825,np
0,5940,4.72,np
1,5941,4.72,np
2,5942,4.71,np
3,5943,4.725,np
4,5944,4.725,np
5,5945,4.71,np
6,5946,4.7,np
7,5947,4.715,np
8,5948,4.725,np
9,5949,4.705,np
10,5950,4.705,np
11,5951,4.72,np
12,5952,4.725,np
13,5953,4.72,np
14,5954,4.72,np
15,5955,4.725,np
16,5956,4.735,np
17,5957,4.72,np
18,5958,4.725,np
19,5959,4.725,np
20,5960,4.74,np
21,5961,4.72,np
22,5962,4.705,np
23,5963,4.715,np
24,5964,4.72,np
25,5965,4.715,np
26,5966,4.705,np
27,5967,4.72,np
28,5968,4.735,np
29,5969,4.735,np
0,6246,4.81,np
1,6247,4.835,np
2,6248,4.855,np
3,6249,4.84,np
4,6250,4.835,np
5,6251,4.84,np
6,6252,4.84,np
7,6253,4.835,np
8,6254,4.845,np
9,6255,4.86,np
10,6256,4.87,np
11,6257,4.895,np
12,6258,4.865,np
13,6259,4.82,np
14,6260,4.8,np
15,6261,4.775,np
16,6262,4.75,np
17,6263,4.75,np
18,6264,4.74,np
19,6265,4.725,np
20,6266,4.72,np
21,6267,4.72,np
22,6268,4.725,np
23,6269,4.73,np
24,6270,4.715,np
25,6271,4.715,np
26,6272,4.725,np
27,6273,4.725,np
28,6274,4.71,np
29,6275,4.705,np
0,6296,4.545,np
1,6297,4.635,np
2,6298,4.67,np
3,6299,4.65,np
4,6300,4.64,np
5,6301,4.655,np
6,6302,4.665,np
7,6303,4.655,np
8,6304,4.65,np
9,6305,4.65,np
10,6306,4.66,np
11,6307,4.65,np
12,6308,4.635,np
13,6309,4.64,np
14,6310,4.65,np
15,6311,4.65,np
16,6312,4.64,np
17,6313,4.64,np
18,6314,4.655,np
19,6315,4.66,np
20,6316,4.65,np
21,6317,4.655,np
22,6318,4.66,np
23,6319,4.67,np
24,6320,4.665,np
25,6321,4.665,np
26,6322,4.675,np
27,6323,4.675,np
28,6324,4.66,np
29,6325,4.65,np
0,6346,4.625,np
1,6347,4.635,np
2,6348,4.65,np
3,6349,4.625,np
4,6350,4.62,np
5,6351,4.63,np
6,6352,4.64,np
7,6353,4.63,np
8,6354,4.62,np
9,6355,4.635,np
10,6356,4.65,np
11,6357,4.645,np
12,6358,4.65,np
13,6359,4.68,np
14,6360,4.7,np
15,6361,4.71,np
16,6362,4.715,np
17,6363,4.74,np
18,6364,4.77,np
19,6365,4.775,np
20,6366,4.765,np
21,6367,4.78,np
22,6368,4.805,np
23,6369,4.805,np
24,6370,4.8,np
25,6371,4.81,np
26,6372,4.815,np
27,6373,4.825,np
28,6374,4.81,np
29,6375,4.805,np
0,6394,4.815,np
1,6395,4.8,np
2,6396,4.8,np
3,6397,4.815,np
4,6398,4.805,np
5,6399,4.795,np
6,6400,4.79,np
7,6401,4.8,np
8,6402,4.805,np
9,6403,4.79,np
10,6404,4.78,np
11,6405,4.79,np
12,6406,4.795,np
13,6407,4.795,np
14,6408,4.8,np
15,6409,4.825,np
16,6410,4.83,np
17,6411,4.835,np
18,6412,4.825,np
19,6413,4.845,np
20,6414,4.87,np
21,6415,4.875,np
22,6416,4.87,np
23,6417,4.88,np
24,6418,4.895,np
25,6419,4.9,np
26,6420,4.875,np
27,6421,4.865,np
28,6422,4.885,np
29,6423,4.89,np
0,6698,4.695,np
1,6699,4.665,np
2,6700,4.655,np
3,6701,4.66,np
4,6702,4.675,np
5,6703,4.67,np
6,6704,4.67,np
7,6705,4.685,np
8,6706,4.705,np
9,6707,4.705,np
10,6708,4.72,np
11,6709,4.73,np
12,6710,4.755,np
13,6711,4.76,np
14,6712,4.775,np
15,6713,4.785,np
16,6714,4.805,np
17,6715,4.795,np
18,6716,4.78,np
19,6717,4.785,np
20,6718,4.8,np
21,6719,4.79,np
22,6720,4.78,np
23,6721,4.77,np
24,6722,4.79,np
25,6723,4.805,np
26,6724,4.795,np
27,6725,4.785,np
28,6726,4.78,np
29,6727,4.79,np
0,6986,4.615,np
1,6987,4.695,np
2,6988,4.72,np
3,6989,4.725,np
4,6990,4.72,np
5,6991,4.72,np
6,6992,4.705,np
7,6993,4.7,np
8,6994,4.72,np
9,6995,4.705,np
10,6996,4.685,np
11,6997,4.7,np
12,6998,4.705,np
13,6999,4.705,np
14,7000,4.7,np
15,7001,4.7,np
16,7002,4.71,np
17,7003,4.695,np
18,7004,4.705,np
19,7005,4.7,np
20,7006,4.72,np
21,7007,4.715,np
22,7008,4.71,np
23,7009,4.71,np
24,7010,4.705,np
25,7011,4.71,np
26,7012,4.7,np
27,7013,4.71,np
28,7014,4.71,np
29,7015,4.705,np
0,7035,4.705,np
1,7036,4.695,np
2,7037,4.685,np
3,7038,4.7,np
4,7039,4.705,np
5,7040,4.695,np
6,7041,4.705,np
7,7042,4.7,np
8,7043,4.725,np
9,7044,4.725,np
10,7045,4.725,np
11,7046,4.745,np
12,7047,4.765,np
13,7048,4.795,np
14,7049,4.795,np
15,7050,4.805,np
16,7051,4.83,np
17,7052,4.835,np
18,7053,4.855,np
19,7054,4.845,np
20,7055,4.865,np
21,7056,4.88,np
22,7057,4.855,np
23,7058,4.855,np
24,7059,4.865,np
25,7060,4.875,np
26,7061,4.855,np
27,7062,4.855,np
28,7063,4.865,np
29,7064,4.875,np
0,7084,4.835,np
1,7085,4.845,np
2,7086,4.84,np
3,7087,4.825,np
4,7088,4.825,np
5,7089,4.835,np
6,7090,4.825,np
7,7091,4.825,np
8,7092,4.83,np
9,7093,4.835,np
10,7094,4.83,np
11,7095,4.835,np
12,7096,4.825,np
13,7097,4.845,np
14,7098,4.855,np
15,7099,4.845,np
16,7100,4.85,np
17,7101,4.88,np
18,7102,4.89,np
19,7103,4.895,np
20,7104,4.9,np
21,7105,4.925,np
22,7106,4.925,np
23,7107,4.935,np
24,7108,4.935,np
25,7109,4.93,np
26,7110,4.94,np
27,7111,4.93,np
28,7112,4.91,np
29,7113,4.92,np
0,7134,4.785,np
1,7135,4.8,np
2,7136,4.79,np
3,7137,4.78,np
4,7138,4.785,np
5,7139,4.785,np
6,7140,4.735,np
7,7141,4.68,np
8,7142,4.64,np
9,7143,4.595,np
10,7144,4.62,np
11,7145,4.75,np
12,7146,4.885,np
13,7147,4.995,np
14,7148,5.105,np
15,7149,5.27,np
16,7150,5.335,np
17,7151,5.88,np
18,7152,6.08,np
19,7153,6.085,np
20,7154,5.76,np
21,7155,5.12,np
22,7156,4.68,np
23,7157,4.61,np
24,7158,4.685,np
25,7159,4.755,np
26,7160,4.76,np
27,7161,4.745,np
28,7162,4.73,np
29,7163,4.745,np
0,150315,4.74,p
1,150316,4.745,p
2,150317,4.735,p
3,150318,4.72,p
4,150319,4.675,p
5,150320,4.635,p
6,150321,4.59,p
7,150322,4.545,p
8,150323,4.595,p
9,150324,4.775,p
10,150325,4.845,p
11,150326,5.295,p
12,150327,5.695,p
13,150328,6,p
14,150329,6.105,p
15,150330,5.86,p
16,150331,5.295,p
17,150332,4.81,p
18,150333,4.64,p
19,150334,4.625,p
20,150335,4.675,p
21,150336,4.71,p
22,150337,4.715,p
23,150338,4.71,p
24,150339,4.715,p
25,150340,4.725,p
26,150341,4.7,p
27,150342,4.7,p
28,150343,4.695,p
29,150344,4.71,p
0,150514,4.78,p
1,150515,4.785,p
2,150516,4.77,p
3,150517,4.71,p
4,150518,4.645,p
5,150519,4.62,p
6,150520,4.58,p
7,150521,4.58,p
8,150522,4.725,p
9,150523,4.96,p
10,150524,5.26,p
11,150525,5.36,p
12,150526,6.015,p
13,150527,6.235,p
14,150528,6.125,p
15,150529,5.63,p
16,150530,5.005,p
17,150531,4.69,p
18,150532,4.7,p
19,150533,4.745,p
20,150534,4.76,p
21,150535,4.75,p
22,150536,4.755,p
23,150537,4.755,p
24,150538,4.73,p
25,150539,4.73,p
26,150540,4.74,p
27,150541,4.745,p
28,150542,4.72,p
29,150543,4.72,p
0,150713,4.8,p
1,150714,4.805,p
2,150715,4.815,p
3,150716,4.795,p
4,150717,4.735,p
5,150718,4.69,p
6,150719,4.66,p
7,150720,4.6,p
8,150721,4.58,p
9,150722,4.715,p
10,150723,4.955,p
11,150724,5.265,p
12,150725,5.38,p
13,150726,6.05,p
14,150727,6.165,p
15,150728,5.83,p
16,150729,5.18,p
17,150730,4.72,p
18,150731,4.68,p
19,150732,4.755,p
20,150733,4.78,p
21,150734,4.76,p
22,150735,4.76,p
23,150736,4.775,p
24,150737,4.765,p
25,150738,4.75,p
26,150739,4.745,p
27,150740,4.76,p
28,150741,4.765,p
29,150742,4.755,p
0,150910,4.8,p
1,150911,4.81,p
2,150912,4.81,p
3,150913,4.78,p
4,150914,4.76,p
5,150915,4.705,p
6,150916,4.675,p
7,150917,4.6,p
8,150918,4.58,p
9,150919,4.74,p
10,150920,4.95,p
11,150921,5.22,p
12,150922,5.6,p
13,150923,5.955,p
14,150924,6.085,p
15,150925,6.08,p
16,150926,5.32,p
17,150927,4.855,p
18,150928,4.675,p
19,150929,4.63,p
20,150930,4.64,p
21,150931,4.715,p
22,150932,4.76,p
23,150933,4.75,p
24,150934,4.735,p
25,150935,4.74,p
26,150936,4.765,p
27,150937,4.76,p
28,150938,4.75,p
29,150939,4.74,p
0,151114,4.805,p
1,151115,4.805,p
2,151116,4.805,p
3,151117,4.76,p
4,151118,4.715,p
5,151119,4.685,p
6,151120,4.64,p
7,151121,4.63,p
8,151122,4.745,p
9,151123,4.965,p
10,151124,5.235,p
11,151125,5.34,p
12,151126,5.96,p
13,151127,6.175,p
14,151128,6.1,p
15,151129,5.68,p
16,151130,5.135,p
17,151131,4.785,p
18,151132,4.68,p
19,151133,4.69,p
20,151134,4.715,p
21,151135,4.755,p
22,151136,4.775,p
23,151137,4.765,p
24,151138,4.765,p
25,151139,4.76,p
26,151140,4.765,p
27,151141,4.77,p
28,151142,4.765,p
29,151143,4.755,p
0,151312,4.815,p
1,151313,4.795,p
2,151314,4.735,p
3,151315,4.7,p
4,151316,4.675,p
5,151317,4.605,p
6,151318,4.575,p
7,151319,4.67,p
8,151320,4.83,p
9,151321,5.02,p
10,151322,5.26,p
11,151323,5.605,p
12,151324,5.98,p
13,151325,6.08,p
14,151326,6.265,p
15,151327,6.07,p
16,151328,5.57,p
17,151329,5.045,p
18,151330,4.745,p
19,151331,4.685,p
20,151332,4.735,p
21,151333,4.78,p
22,151334,4.79,p
23,151335,4.785,p
24,151336,4.795,p
25,151337,4.795,p
26,151338,4.785,p
27,151339,4.765,p
28,151340,4.775,p
29,151341,4.785,p
0,151520,4.825,p
1,151521,4.81,p
2,151522,4.785,p
3,151523,4.755,p
4,151524,4.72,p
5,151525,4.7,p
6,151526,4.63,p
7,151527,4.58,p
8,151528,4.655,p
9,151529,4.82,p
10,151530,5.015,p
11,151531,5.305,p
12,151532,5.675,p
13,151533,5.99,p
14,151534,6.145,p
15,151535,6.06,p
16,151536,5.665,p
17,151537,5.08,p
18,151538,4.73,p
19,151539,4.685,p
20,151540,4.77,p
21,151541,4.8,p
22,151542,4.78,p
23,151543,4.77,p
24,151544,4.785,p
25,151545,4.78,p
26,151546,4.78,p
27,151547,4.755,p
28,151548,4.755,p
29,151549,4.765,p
0,151732,4.8,p
1,151733,4.785,p
2,151734,4.775,p
3,151735,4.765,p
4,151736,4.73,p
5,151737,4.67,p
6,151738,4.605,p
7,151739,4.54,p
8,151740,4.61,p
9,151741,4.795,p
10,151742,5,p
11,151743,5.295,p
12,151744,5.705,p
13,151745,5.985,p
14,151746,6.025,p
15,151747,5.72,p
16,151748,5.195,p
17,151749,4.82,p
18,151750,4.74,p
19,151751,4.665,p
20,151752,4.72,p
21,151753,4.735,p
22,151754,4.725,p
23,151755,4.72,p
24,151756,4.735,p
25,151757,4.735,p
26,151758,4.74,p
27,151759,4.73,p
28,151760,4.72,p
29,151761,4.73,p
0,151937,4.785,p
1,151938,4.77,p
2,151939,4.735,p
3,151940,4.695,p
4,151941,4.66,p
5,151942,4.61,p
6,151943,4.555,p
7,151944,4.64,p
8,151945,4.825,p
9,151946,5.06,p
10,151947,5.37,p
11,151948,5.77,p
12,151949,6.07,p
13,151950,6.145,p
14,151951,6.295,p
15,151952,6.31,p
16,151953,6.14,p
17,151954,5.82,p
18,151955,5.375,p
19,151956,4.91,p
20,151957,4.675,p
21,151958,4.65,p
22,151959,4.695,p
23,151960,4.74,p
24,151961,4.75,p
25,151962,4.75,p
26,151963,4.725,p
27,151964,4.715,p
28,151965,4.735,p
29,151966,4.735,p
0,152124,4.765,p
1,152125,4.765,p
2,152126,4.74,p
3,152127,4.725,p
4,152128,4.7,p
5,152129,4.65,p
6,152130,4.62,p
7,152131,4.57,p
8,152132,4.56,p
9,152133,4.725,p
10,152134,4.965,p
11,152135,5.29,p
12,152136,5.725,p
13,152137,6.1,p
14,152138,6.195,p
15,152139,5.88,p
16,152140,5.225,p
17,152141,4.715,p
18,152142,4.635,p
19,152143,4.71,p
20,152144,4.755,p
21,152145,4.75,p
22,152146,4.735,p
23,152147,4.715,p
24,152148,4.72,p
25,152149,4.725,p
26,152150,4.725,p
27,152151,4.71,p
28,152152,4.71,p
29,152153,4.715,p
0,152317,4.79,p
1,152318,4.78,p
2,152319,4.79,p
3,152320,4.78,p
4,152321,4.725,p
5,152322,4.675,p
6,152323,4.645,p
7,152324,4.605,p
8,152325,4.59,p
9,152326,4.83,p
10,152327,5.07,p
11,152328,5.405,p
12,152329,5.795,p
13,152330,6.095,p
14,152331,6.14,p
15,152332,5.82,p
16,152333,5.195,p
17,152334,4.73,p
18,152335,4.68,p
19,152336,4.76,p
20,152337,4.8,p
21,152338,4.775,p
22,152339,4.765,p
23,152340,4.79,p
24,152341,4.8,p
25,152342,4.79,p
26,152343,4.78,p
27,152344,4.77,p
28,152345,4.77,p
29,152346,4.77,p
0,152515,4.79,p
1,152516,4.8,p
2,152517,4.79,p
3,152518,4.77,p
4,152519,4.755,p
5,152520,4.725,p
6,152521,4.685,p
7,152522,4.605,p
8,152523,4.6,p
9,152524,4.75,p
10,152525,4.815,p
11,152526,5.28,p
12,152527,5.685,p
13,152528,6.01,p
14,152529,6.1,p
15,152530,5.8,p
16,152531,5.245,p
17,152532,4.81,p
18,152533,4.68,p
19,152534,4.685,p
20,152535,4.715,p
21,152536,4.745,p
22,152537,4.755,p
23,152538,4.77,p
24,152539,4.765,p
25,152540,4.765,p
26,152541,4.76,p
27,152542,4.755,p
28,152543,4.74,p
29,152544,4.755,p
0,152716,4.84,p
1,152717,4.845,p
2,152718,4.835,p
3,152719,4.805,p
4,152720,4.755,p
5,152721,4.72,p
6,152722,4.68,p
7,152723,4.63,p
8,152724,4.72,p
9,152725,4.765,p
10,152726,5.155,p
11,152727,5.485,p
12,152728,5.89,p
13,152729,6.18,p
14,152730,6.2,p
15,152731,5.815,p
16,152732,5.21,p
17,152733,4.795,p
18,152734,4.7,p
19,152735,4.75,p
20,152736,4.805,p
21,152737,4.825,p
22,152738,4.82,p
23,152739,4.81,p
24,152740,4.81,p
25,152741,4.82,p
26,152742,4.805,p
27,152743,4.785,p
28,152744,4.785,p
29,152745,4.8,p
0,152906,4.805,p
1,152907,4.805,p
2,152908,4.755,p
3,152909,4.695,p
4,152910,4.67,p
5,152911,4.635,p
6,152912,4.585,p
7,152913,4.645,p
8,152914,4.785,p
9,152915,4.99,p
10,152916,5.185,p
11,152917,5.445,p
12,152918,5.77,p
13,152919,6.095,p
14,152920,6.28,p
15,152921,6.27,p
16,152922,5.875,p
17,152923,5.235,p
18,152924,4.805,p
19,152925,4.725,p
20,152926,4.775,p
21,152927,4.805,p
22,152928,4.82,p
23,152929,4.805,p
24,152930,4.795,p
25,152931,4.785,p
26,152932,4.785,p
27,152933,4.785,p
28,152934,4.78,p
29,152935,4.76,p
0,153111,4.765,p
1,153112,4.77,p
2,153113,4.77,p
3,153114,4.75,p
4,153115,4.75,p
5,153116,4.735,p
6,153117,4.67,p
7,153118,4.61,p
8,153119,4.59,p
9,153120,4.56,p
10,153121,4.615,p
11,153122,4.775,p
12,153123,5.01,p
13,153124,5.305,p
14,153125,5.415,p
15,153126,6.01,p
16,153127,6.135,p
17,153128,5.94,p
18,153129,5.41,p
19,153130,4.86,p
20,153131,4.64,p
21,153132,4.665,p
22,153133,4.73,p
23,153134,4.75,p
24,153135,4.725,p
25,153136,4.73,p
26,153137,4.74,p
27,153138,4.745,p
28,153139,4.715,p
29,153140,4.725,p
0,153324,4.745,p
1,153325,4.745,p
2,153326,4.715,p
3,153327,4.68,p
4,153328,4.64,p
5,153329,4.635,p
6,153330,4.58,p
7,153331,4.535,p
8,153332,4.615,p
9,153333,4.81,p
10,153334,5.035,p
11,153335,5.35,p
12,153336,5.735,p
13,153337,5.99,p
14,153338,5.995,p
15,153339,5.645,p
16,153340,5.085,p
17,153341,4.725,p
18,153342,4.615,p
19,153343,4.605,p
20,153344,4.665,p
21,153345,4.7,p
22,153346,4.71,p
23,153347,4.7,p
24,153348,4.7,p
25,153349,4.7,p
26,153350,4.695,p
27,153351,4.675,p
28,153352,4.675,p
29,153353,4.675,p
0,153527,4.785,p
1,153528,4.8,p
2,153529,4.78,p
3,153530,4.72,p
4,153531,4.66,p
5,153532,4.635,p
6,153533,4.62,p
7,153534,4.675,p
8,153535,4.865,p
9,153536,5.09,p
10,153537,5.35,p
11,153538,5.665,p
12,153539,5.97,p
13,153540,6.18,p
14,153541,6.29,p
15,153542,6.16,p
16,153543,5.65,p
17,153544,4.98,p
18,153545,4.69,p
19,153546,4.705,p
20,153547,4.755,p
21,153548,4.78,p
22,153549,4.77,p
23,153550,4.775,p
24,153551,4.765,p
25,153552,4.75,p
26,153553,4.76,p
27,153554,4.775,p
28,153555,4.76,p
29,153556,4.75,p
0,153706,4.85,p
1,153707,4.86,p
2,153708,4.87,p
3,153709,4.855,p
4,153710,4.825,p
5,153711,4.77,p
6,153712,4.735,p
7,153713,4.69,p
8,153714,4.66,p
9,153715,4.8,p
10,153716,5.075,p
11,153717,5.375,p
12,153718,5.765,p
13,153719,6.155,p
14,153720,6.345,p
15,153721,6.145,p
16,153722,5.51,p
17,153723,4.875,p
18,153724,4.74,p
19,153725,4.745,p
20,153726,4.845,p
21,153727,4.845,p
22,153728,4.845,p
23,153729,4.845,p
24,153730,4.835,p
25,153731,4.82,p
26,153732,4.83,p
27,153733,4.84,p
28,153734,4.82,p
29,153735,4.81,p
0,153898,4.865,p
1,153899,4.875,p
2,153900,4.885,p
3,153901,4.86,p
4,153902,4.815,p
5,153903,4.775,p
6,153904,4.735,p
7,153905,4.685,p
8,153906,4.71,p
9,153907,4.915,p
10,153908,5.19,p
11,153909,5.53,p
12,153910,5.95,p
13,153911,6.29,p
14,153912,6.43,p
15,153913,6.34,p
16,153914,5.93,p
17,153915,5.325,p
18,153916,4.88,p
19,153917,4.76,p
20,153918,4.765,p
21,153919,4.83,p
22,153920,4.865,p
23,153921,4.86,p
24,153922,4.845,p
25,153923,4.835,p
26,153924,4.83,p
27,153925,4.83,p
28,153926,4.825,p
29,153927,4.825,p
0,154099,4.825,p
1,154100,4.835,p
2,154101,4.825,p
3,154102,4.795,p
4,154103,4.77,p
5,154104,4.725,p
6,154105,4.68,p
7,154106,4.63,p
8,154107,4.62,p
9,154108,4.755,p
10,154109,4.94,p
11,154110,5.215,p
12,154111,5.585,p
13,154112,5.95,p
14,154113,6.135,p
15,154114,5.975,p
16,154115,5.43,p
17,154116,4.91,p
18,154117,4.705,p
19,154118,4.685,p
20,154119,4.725,p
21,154120,4.79,p
22,154121,4.785,p
23,154122,4.775,p
24,154123,4.76,p
25,154124,4.785,p
26,154125,4.79,p
27,154126,4.765,p
28,154127,4.75,p
29,154128,4.75,p
0,154311,4.82,p
1,154312,4.825,p
2,154313,4.81,p
3,154314,4.77,p
4,154315,4.71,p
5,154316,4.69,p
6,154317,4.65,p
7,154318,4.615,p
8,154319,4.73,p
9,154320,4.97,p
10,154321,5.23,p
11,154322,5.575,p
12,154323,5.955,p
13,154324,6.2,p
14,154325,6.245,p
15,154326,5.71,p
16,154327,5.075,p
17,154328,4.74,p
18,154329,4.695,p
19,154330,4.745,p
20,154331,4.765,p
21,154332,4.78,p
22,154333,4.79,p
23,154334,4.785,p
24,154335,4.77,p
25,154336,4.77,p
26,154337,4.78,p
27,154338,4.785,p
28,154339,4.77,p
29,154340,4.775,p
0,154508,4.74,p
1,154509,4.69,p
2,154510,4.66,p
3,154511,4.63,p
4,154512,4.58,p
5,154513,4.54,p
6,154514,4.54,p
7,154515,4.62,p
8,154516,4.75,p
9,154517,4.955,p
10,154518,5.17,p
11,154519,5.46,p
12,154520,5.86,p
13,154521,6.175,p
14,154522,6.305,p
15,154523,6.155,p
16,154524,5.625,p
17,154525,5.43,p
18,154526,4.71,p
19,154527,4.7,p
20,154528,4.78,p
21,154529,4.8,p
22,154530,4.785,p
23,154531,4.77,p
24,154532,4.765,p
25,154533,4.775,p
26,154534,4.76,p
27,154535,4.755,p
28,154536,4.745,p
29,154537,4.755,p
0,154708,4.81,p
1,154709,4.81,p
2,154710,4.775,p
3,154711,4.745,p
4,154712,4.7,p
5,154713,4.67,p
6,154714,4.62,p
7,154715,4.59,p
8,154716,4.66,p
9,154717,4.865,p
10,154718,5.095,p
11,154719,5.415,p
12,154720,5.81,p
13,154721,6.125,p
14,154722,6.195,p
15,154723,5.915,p
16,154724,5.305,p
17,154725,5.105,p
18,154726,4.665,p
19,154727,4.71,p
20,154728,4.755,p
21,154729,4.765,p
22,154730,4.75,p
23,154731,4.75,p
24,154732,4.75,p
25,154733,4.76,p
26,154734,4.75,p
27,154735,4.735,p
28,154736,4.74,p
29,154737,4.745,p
0,154919,4.735,p
1,154920,4.72,p
2,154921,4.69,p
3,154922,4.645,p
4,154923,4.59,p
5,154924,4.545,p
6,154925,4.535,p
7,154926,4.72,p
8,154927,4.86,p
9,154928,5.01,p
10,154929,5.215,p
11,154930,5.52,p
12,154931,5.835,p
13,154932,6.09,p
14,154933,6.13,p
15,154934,5.855,p
16,154935,5.295,p
17,154936,4.84,p
18,154937,4.67,p
19,154938,4.645,p
20,154939,4.685,p
21,154940,4.72,p
22,154941,4.73,p
23,154942,4.73,p
24,154943,4.72,p
25,154944,4.72,p
26,154945,4.705,p
27,154946,4.71,p
28,154947,4.705,p
29,154948,4.685,p
0,155121,4.825,p
1,155122,4.815,p
2,155123,4.795,p
3,155124,4.795,p
4,155125,4.785,p
5,155126,4.695,p
6,155127,4.655,p
7,155128,4.63,p
8,155129,4.67,p
9,155130,4.865,p
10,155131,5.115,p
11,155132,5.45,p
12,155133,5.88,p
13,155134,6.225,p
14,155135,6.265,p
15,155136,5.91,p
16,155137,5.24,p
17,155138,4.765,p
18,155139,4.66,p
19,155140,4.735,p
20,155141,4.795,p
21,155142,4.8,p
22,155143,4.775,p
23,155144,4.76,p
24,155145,4.775,p
25,155146,4.785,p
26,155147,4.77,p
27,155148,4.76,p
28,155149,4.765,p
29,155150,4.77,p
0,155301,4.855,p
1,155302,4.845,p
2,155303,4.835,p
3,155304,4.815,p
4,155305,4.77,p
5,155306,4.705,p
6,155307,4.66,p
7,155308,4.635,p
8,155309,4.745,p
9,155310,4.95,p
10,155311,5.12,p
11,155312,5.315,p
12,155313,5.645,p
13,155314,6.06,p
14,155315,6.325,p
15,155316,6.34,p
16,155317,5.865,p
17,155318,5.155,p
18,155319,4.765,p
19,155320,4.725,p
20,155321,4.805,p
21,155322,4.83,p
22,155323,4.805,p
23,155324,4.815,p
24,155325,4.82,p
25,155326,4.81,p
26,155327,4.785,p
27,155328,4.79,p
28,155329,4.805,p
29,155330,4.805,p
0,155489,4.835,p
1,155490,4.825,p
2,155491,4.835,p
3,155492,4.83,p
4,155493,4.78,p
5,155494,4.72,p
6,155495,4.685,p
7,155496,4.655,p
8,155497,4.675,p
9,155498,4.85,p
10,155499,5.115,p
11,155500,5.205,p
12,155501,5.85,p
13,155502,6.18,p
14,155503,6.225,p
15,155504,5.88,p
16,155505,5.215,p
17,155506,4.77,p
18,155507,4.705,p
19,155508,4.79,p
20,155509,4.82,p
21,155510,4.815,p
22,155511,4.805,p
23,155512,4.81,p
24,155513,4.82,p
25,155514,4.805,p
26,155515,4.795,p
27,155516,4.805,p
28,155517,4.81,p
29,155518,4.8,p
0,155689,4.77,p
1,155690,4.76,p
2,155691,4.78,p
3,155692,4.77,p
4,155693,4.71,p
5,155694,4.64,p
6,155695,4.6,p
7,155696,4.58,p
8,155697,4.675,p
9,155698,4.86,p
10,155699,5.11,p
11,155700,5.205,p
12,155701,5.845,p
13,155702,6.09,p
14,155703,6.045,p
15,155704,5.605,p
16,155705,5.005,p
17,155706,4.685,p
18,155707,4.64,p
19,155708,4.695,p
20,155709,4.735,p
21,155710,4.74,p
22,155711,4.74,p
23,155712,4.76,p
24,155713,4.75,p
25,155714,4.73,p
26,155715,4.71,p
27,155716,4.73,p
28,155717,4.745,p
29,155718,4.75,p
0,155899,4.83,p
1,155900,4.83,p
2,155901,4.825,p
3,155902,4.785,p
4,155903,4.745,p
5,155904,4.71,p
6,155905,4.67,p
7,155906,4.63,p
8,155907,4.67,p
9,155908,4.885,p
10,155909,5.14,p
11,155910,5.44,p
12,155911,5.82,p
13,155912,6.15,p
14,155913,6.27,p
15,155914,6.09,p
16,155915,5.53,p
17,155916,4.935,p
18,155917,4.695,p
19,155918,4.695,p
20,155919,4.755,p
21,155920,4.78,p
22,155921,4.79,p
23,155922,4.785,p
24,155923,4.775,p
25,155924,4.775,p
26,155925,4.78,p
27,155926,4.77,p
28,155927,4.765,p
29,155928,4.755,p
0,156095,4.8,p
1,156096,4.805,p
2,156097,4.785,p
3,156098,4.74,p
4,156099,4.695,p
5,156100,4.69,p
6,156101,4.655,p
7,156102,4.59,p
8,156103,4.62,p
9,156104,4.805,p
10,156105,5.05,p
11,156106,5.31,p
12,156107,5.67,p
13,156108,6.055,p
14,156109,6.275,p
15,156110,6.21,p
16,156111,5.74,p
17,156112,5.105,p
18,156113,4.75,p
19,156114,4.685,p
20,156115,4.74,p
21,156116,4.79,p
22,156117,4.79,p
23,156118,4.78,p
24,156119,4.765,p
25,156120,4.765,p
26,156121,4.775,p
27,156122,4.77,p
28,156123,4.75,p
29,156124,4.75,p
0,7422,4.835,np
1,7423,4.84,np
2,7424,4.825,np
3,7425,4.82,np
4,7426,4.825,np
5,7427,4.835,np
6,7428,4.83,np
7,7429,4.82,np
8,7430,4.825,np
9,7431,4.825,np
10,7432,4.815,np
11,7433,4.815,np
12,7434,4.82,np
13,7435,4.82,np
14,7436,4.805,np
15,7437,4.785,np
16,7438,4.795,np
17,7439,4.8,np
18,7440,4.795,np
19,7441,4.79,np
20,7442,4.795,np
21,7443,4.805,np
22,7444,4.805,np
23,7445,4.79,np
24,7446,4.79,np
25,7447,4.79,np
26,7448,4.795,np
27,7449,4.78,np
28,7450,4.765,np
29,7451,4.77,np
0,7730,4.69,np
1,7731,4.685,np
2,7732,4.69,np
3,7733,4.68,np
4,7734,4.685,np
5,7735,4.7,np
6,7736,4.695,np
7,7737,4.68,np
8,7738,4.68,np
9,7739,4.69,np
10,7740,4.69,np
11,7741,4.68,np
12,7742,4.67,np
13,7743,4.675,np
14,7744,4.68,np
15,7745,4.685,np
16,7746,4.675,np
17,7747,4.685,np
18,7748,4.695,np
19,7749,4.685,np
20,7750,4.68,np
21,7751,4.68,np
22,7752,4.69,np
23,7753,4.695,np
24,7754,4.68,np
25,7755,4.69,np
26,7756,4.7,np
27,7757,4.685,np
28,7758,4.68,np
29,7759,4.675,np
0,8018,4.8,np
1,8019,4.8,np
2,8020,4.795,np
3,8021,4.78,np
4,8022,4.8,np
5,8023,4.805,np
6,8024,4.8,np
7,8025,4.805,np
8,8026,4.81,np
9,8027,4.825,np
10,8028,4.84,np
11,8029,4.835,np
12,8030,4.845,np
13,8031,4.865,np
14,8032,4.875,np
15,8033,4.865,np
16,8034,4.87,np
17,8035,4.905,np
18,8036,4.92,np
19,8037,4.92,np
20,8038,4.92,np
21,8039,4.925,np
22,8040,4.915,np
23,8041,4.89,np
24,8042,4.9,np
25,8043,4.91,np
26,8044,4.93,np
27,8045,4.94,np
28,8046,4.94,np
29,8047,4.925,np
