,sel_name,signal,hu_who_anot,anot,ovni,nue
4,sel100,150330,q1c,N,1,
12,sel100,150529,q1c,N,1,
20,sel100,150728,q1c,N,0,
28,sel100,150925,q1c,N,1,
36,sel100,151129,q1c,N,1,
44,sel100,151327,q1c,N,1,
52,sel100,151535,q1c,N,1,
60,sel100,151747,q1c,N,1,
68,sel100,151952,q1c,N,1,
76,sel100,152139,q1c,N,1,
84,sel100,152332,q1c,N,1,
92,sel100,152530,q1c,N,1,
100,sel100,152731,q1c,N,1,
108,sel100,152921,q1c,N,1,
116,sel100,153126,q1c,N,1,
124,sel100,153339,q1c,N,1,
132,sel100,153542,q1c,N,1,
140,sel100,153721,q1c,N,1,
148,sel100,153913,q1c,N,1,
156,sel100,154114,q1c,N,1,
164,sel100,154326,q1c,N,1,
172,sel100,154523,q1c,N,1,
180,sel100,154723,q1c,N,1,
188,sel100,154934,q1c,N,1,
196,sel100,155136,q1c,N,1,
204,sel100,155316,q1c,N,1,
212,sel100,155504,q1c,N,1,
220,sel100,155704,q1c,N,1,
228,sel100,155914,q1c,N,1,
236,sel100,156110,q1c,N,1,
1,sel102,150253,q1c,N,1,
8,sel102,150453,q1c,N,1,
15,sel102,150663,q1c,N,1,
22,sel102,150875,q1c,N,1,
29,sel102,151086,q1c,N,1,
36,sel102,151313,q1c,N,2,
43,sel102,152106,q1c,N,1,
50,sel102,152321,q1c,N,1,
57,sel102,152548,q1c,N,2,
64,sel102,152744,q1c,N,1,
71,sel102,152954,q1c,N,1,
78,sel102,153159,q1c,N,1,
85,sel102,153363,q1c,N,2,
92,sel102,153555,q1c,N,1,
99,sel102,153765,q1c,N,1,
106,sel102,153983,q1c,N,1,
113,sel102,154816,q1c,N,2,
120,sel102,155015,q1c,N,2,
127,sel102,155224,q1c,N,2,
134,sel102,155439,q1c,N,2,
141,sel102,155656,q1c,N,2,
148,sel102,155858,q1c,N,0,
155,sel102,156057,q1c,N,2,
162,sel102,156263,q1c,N,2,
169,sel102,157095,q1c,N,2,
176,sel102,157298,q1c,N,4,
183,sel102,158117,q1c,N,2,
190,sel102,158315,q1c,N,1,
197,sel102,158531,q1c,N,1,
204,sel102,158755,q1c,N,2,
211,sel102,158950,q1c,N,1,
218,sel102,159154,q1c,N,4,
225,sel102,159356,q1c,N,2,
232,sel102,159562,q1c,N,2,
239,sel102,161009,q1c,N,0,
246,sel102,161223,q1c,N,2,
253,sel102,162655,q1c,N,1,
260,sel102,162869,q1c,N,1,
267,sel102,163082,q1c,N,1,
274,sel102,163291,q1c,N,1,
281,sel102,163494,q1c,N,1,
288,sel102,163699,q1c,N,1,
295,sel102,163907,q1c,N,2,
302,sel102,164108,q1c,N,2,
309,sel102,164316,q1c,N,1,
316,sel102,164530,q1c,N,1,
323,sel102,164736,q1c,N,1,
330,sel102,164944,q1c,N,1,
337,sel102,165144,q1c,N,1,
344,sel102,165549,q1c,N,1,
351,sel102,168652,q1c,N,1,
358,sel102,168867,q1c,N,1,
365,sel102,169899,q1c,N,4,
372,sel102,170956,q1c,N,4,
379,sel102,171348,q1c,N,4,
386,sel102,171982,q1c,N,4,
393,sel102,172806,q1c,N,4,
400,sel102,173006,q1c,N,4,
407,sel102,175308,q1c,N,3,
414,sel102,175699,q1c,N,4,
421,sel102,176958,q1c,N,3,
428,sel102,178610,q1c,N,3,
435,sel102,181494,q1c,N,4,
442,sel102,182951,q1c,N,4,
449,sel102,183146,q1c,N,4,
456,sel102,183352,q1c,N,4,
463,sel102,184392,q1c,N,4,
470,sel102,185848,q1c,N,4,
477,sel102,186044,q1c,N,4,
484,sel102,186657,q1c,N,4,
491,sel102,187493,q1c,N,4,
498,sel102,189147,q1c,N,4,
505,sel102,190792,q1c,N,4,
512,sel102,191645,q1c,N,3,
519,sel102,191849,q1c,N,3,
526,sel102,194753,q1c,N,3,
533,sel102,194953,q1c,N,3,
540,sel102,196406,q1c,N,3,
547,sel102,196603,q1c,N,3,
554,sel102,201983,q1c,N,3,
561,sel102,205299,q1c,N,3,
568,sel102,205498,q1c,N,3,
575,sel102,220986,q1c,N,6,
582,sel102,223681,q1c,N,6,
589,sel102,224092,q1c,N,6,
4,sel103,150280,q1c,N,1,
14,sel103,150489,q1c,N,1,
24,sel103,150695,q1c,N,1,
34,sel103,150904,q1c,N,1,
44,sel103,151125,q1c,N,1,
54,sel103,151343,q1c,N,1,
64,sel103,151566,q1c,N,1,
74,sel103,151792,q1c,N,1,
84,sel103,151998,q1c,N,1,
94,sel103,152203,q1c,N,1,
104,sel103,152411,q1c,N,1,
114,sel103,152629,q1c,N,1,
124,sel103,152848,q1c,N,1,
134,sel103,153061,q1c,N,1,
144,sel103,153284,q1c,N,1,
154,sel103,153494,q1c,N,0,
164,sel103,153694,q1c,N,1,
174,sel103,153901,q1c,N,1,
184,sel103,154118,q1c,N,1,
194,sel103,154338,q1c,N,1,
204,sel103,154556,q1c,N,1,
214,sel103,154778,q1c,N,1,
224,sel103,154988,q1c,N,0,
234,sel103,155195,q1c,N,1,
244,sel103,155404,q1c,N,1,
254,sel103,155616,q1c,N,1,
264,sel103,155844,q1c,N,1,
274,sel103,156060,q1c,N,0,
284,sel103,156273,q1c,N,1,
294,sel103,156492,q1c,N,1,
1,sel104,150386,q1c,N,3,
9,sel104,150592,q1c,N,3,
18,sel104,150801,q1c,N,3,
24,sel104,150993,q1c,N,3,
29,sel104,151184,q1c,N,1,
34,sel104,151397,q1c,N,1,
39,sel104,151609,q1c,N,1,
44,sel104,151811,q1c,N,1,
49,sel104,152030,q1c,N,2,
54,sel104,152224,q1c,N,1,
59,sel104,152402,q1c,N,3,
67,sel104,152613,q1c,N,4,
76,sel104,152822,q1c,N,3,
81,sel104,153031,q1c,N,1,
86,sel104,153234,q1c,N,1,
91,sel104,153443,q1c,N,1,
96,sel104,153646,q1c,N,1,
101,sel104,153853,q1c,N,0,
106,sel104,154041,q1c,N,1,
113,sel104,154234,q1c,N,3,
122,sel104,154461,q1c,N,3,
128,sel104,154678,q1c,N,2,
133,sel104,154863,q1c,N,1,
138,sel104,155071,q1c,N,1,
143,sel104,155262,q1c,N,1,
148,sel104,155456,q1c,N,1,
153,sel104,155660,q1c,N,1,
160,sel104,155877,q1c,N,3,
168,sel104,156091,q1c,N,3,
174,sel104,156302,q1c,N,1,
179,sel104,156500,q1c,N,2,
184,sel104,156699,q1c,N,2,
189,sel104,156881,q1c,N,1,
194,sel104,157076,q1c,N,1,
199,sel104,157286,q1c,N,1,
206,sel104,157506,q1c,N,3,
214,sel104,157701,q1c,N,3,
219,sel104,158511,q1c,N,2,
224,sel104,158919,q1c,N,3,
232,sel104,159137,q1c,N,3,
238,sel104,159552,q1c,N,2,
243,sel104,159940,q1c,N,2,
248,sel104,160141,q1c,N,2,
253,sel104,160544,q1c,N,3,
261,sel104,160767,q1c,N,3,
267,sel104,161172,q1c,N,2,
272,sel104,162162,q1c,N,3,
277,sel104,162390,q1c,N,4,
283,sel104,162588,q1c,N,3,
288,sel104,163996,q1c,N,3,
293,sel104,164201,q1c,N,3,
299,sel104,164404,q1c,N,3,
304,sel104,165993,q1c,N,3,
309,sel104,166210,q1c,N,3,
315,sel104,166412,q1c,N,3,
320,sel104,168022,q1c,N,3,
328,sel104,168256,q1c,N,4,
337,sel104,168455,q1c,N,3,
342,sel104,169876,q1c,N,3,
350,sel104,170074,q1c,N,3,
359,sel104,170266,q1c,N,3,
364,sel104,171686,q1c,N,3,
369,sel104,172924,q1c,N,2,
374,sel104,173935,q1c,N,2,
379,sel104,174149,q1c,N,2,
384,sel104,174354,q1c,N,2,
389,sel104,176169,q1c,N,2,
394,sel104,177414,q1c,N,2,
399,sel104,177602,q1c,N,2,
404,sel104,184074,q1c,N,2,
409,sel104,188138,q1c,N,2,
414,sel104,188338,q1c,N,2,
419,sel104,188964,q1c,N,2,
427,sel104,190362,q1c,N,4,
435,sel104,213721,q1c,N,4,
444,sel104,215954,q1c,N,4,
453,sel104,223261,q1c,N,4,
4,sel114,150246,q1c,N,1,
12,sel114,150485,q1c,N,1,
20,sel114,150736,q1c,N,1,
28,sel114,150976,q1c,N,1,
36,sel114,151205,q1c,N,1,
44,sel114,151439,q1c,N,1,
52,sel114,151663,q1c,N,1,
60,sel114,151901,q1c,N,1,
68,sel114,152142,q1c,N,1,
76,sel114,152377,q1c,N,1,
84,sel114,152606,q1c,N,1,
92,sel114,152840,q1c,N,1,
100,sel114,153067,q1c,N,1,
108,sel114,153285,q1c,N,1,
116,sel114,153534,q1c,N,1,
124,sel114,153775,q1c,N,1,
132,sel114,154007,q1c,N,1,
140,sel114,154244,q1c,N,1,
148,sel114,154472,q1c,N,1,
156,sel114,154694,q1c,N,1,
165,sel114,154934,q1c,N,1,
173,sel114,155183,q1c,N,1,
181,sel114,155420,q1c,N,0,
189,sel114,155646,q1c,N,1,
197,sel114,155876,q1c,N,1,
205,sel114,156106,q1c,N,1,
213,sel114,156323,q1c,N,1,
221,sel114,156575,q1c,N,1,
229,sel114,156810,q1c,N,1,
237,sel114,157035,q1c,N,1,
245,sel114,210471,q1c,N,4,
253,sel114,210741,q1c,N,4,
261,sel114,210992,q1c,N,4,
269,sel114,211256,q1c,N,4,
277,sel114,211501,q1c,N,4,
285,sel114,212522,q1c,N,4,
293,sel114,212778,q1c,N,4,
301,sel114,213022,q1c,N,4,
309,sel114,213259,q1c,N,4,
317,sel114,213522,q1c,N,4,
325,sel114,213785,q1c,N,4,
333,sel114,214031,q1c,N,4,
341,sel114,214286,q1c,N,4,
349,sel114,214527,q1c,N,4,
357,sel114,214756,q1c,N,4,
365,sel114,215008,q1c,N,4,
373,sel114,215266,q1c,N,4,
381,sel114,215506,q1c,N,4,
389,sel114,215757,q1c,N,4,
397,sel114,216002,q1c,N,4,
4,sel116,150283,q1c,N,1,
12,sel116,150467,q1c,N,1,
22,sel116,150655,q1c,N,1,
32,sel116,150842,q1c,N,1,
42,sel116,152321,q1c,N,1,
52,sel116,153101,q1c,N,1,
62,sel116,153885,q1c,N,1,
72,sel116,154645,q1c,N,1,
82,sel116,154835,q1c,N,1,
92,sel116,155026,q1c,N,1,
102,sel116,155224,q1c,N,1,
112,sel116,155418,q1c,N,1,
122,sel116,155612,q1c,N,1,
132,sel116,155813,q1c,N,1,
140,sel116,156010,q1c,N,1,
150,sel116,156214,q1c,N,1,
160,sel116,156412,q1c,N,1,
168,sel116,156610,q1c,N,1,
178,sel116,156812,q1c,N,1,
186,sel116,157007,q1c,N,1,
196,sel116,157199,q1c,N,1,
206,sel116,157394,q1c,N,1,
216,sel116,157579,q1c,N,4,
224,sel116,157773,q1c,N,1,
234,sel116,157959,q1c,N,1,
244,sel116,158141,q1c,N,4,
254,sel116,158334,q1c,N,1,
264,sel116,158521,q1c,N,1,
272,sel116,158703,q1c,N,4,
280,sel116,158891,q1c,N,1,
288,sel116,159647,q1c,N,4,
296,sel116,159839,q1c,N,1,
306,sel116,160026,q1c,N,1,
314,sel116,160209,q1c,N,4,
322,sel116,160397,q1c,N,4,
330,sel116,160581,q1c,N,4,
338,sel116,160775,q1c,N,1,
346,sel116,161154,q1c,N,4,
356,sel116,166605,q1c,N,4,
364,sel116,166987,q1c,N,4,
372,sel116,167560,q1c,N,4,
380,sel116,168133,q1c,N,4,
388,sel116,169096,q1c,N,4,
396,sel116,171919,q1c,N,4,
404,sel116,196419,q1c,N,4,
412,sel116,197552,q1c,N,4,
422,sel116,214875,q1c,N,4,
432,sel116,215454,q1c,N,4,
440,sel116,216220,q1c,N,4,
450,sel116,216984,q1c,N,4,
4,sel117,150503,q1c,N,1,
14,sel117,150799,q1c,N,1,
24,sel117,151088,q1c,N,1,
34,sel117,151374,q1c,N,1,
44,sel117,151672,q1c,N,1,
52,sel117,151961,q1c,N,1,
62,sel117,152254,q1c,N,1,
70,sel117,152544,q1c,N,1,
80,sel117,152838,q1c,N,1,
88,sel117,153126,q1c,N,1,
98,sel117,153412,q1c,N,1,
108,sel117,153710,q1c,N,1,
116,sel117,154000,q1c,N,1,
124,sel117,154292,q1c,N,1,
134,sel117,154586,q1c,N,1,
142,sel117,154872,q1c,N,1,
150,sel117,155160,q1c,N,1,
158,sel117,155457,q1c,N,1,
166,sel117,155749,q1c,N,1,
176,sel117,156054,q1c,N,1,
186,sel117,156340,q1c,N,1,
194,sel117,156644,q1c,N,1,
202,sel117,156931,q1c,N,1,
210,sel117,157234,q1c,N,1,
218,sel117,157526,q1c,N,1,
226,sel117,157829,q1c,N,1,
234,sel117,158125,q1c,N,1,
242,sel117,158417,q1c,N,1,
250,sel117,158713,q1c,N,1,
258,sel117,158997,q1c,N,1,
4,sel123,150419,q1c,N,1,
14,sel123,150758,q1c,N,1,
24,sel123,151102,q1c,N,1,
34,sel123,151417,q1c,N,1,
44,sel123,151756,q1c,N,1,
54,sel123,152086,q1c,N,1,
64,sel123,152407,q1c,N,1,
74,sel123,152736,q1c,N,1,
84,sel123,153057,q1c,N,1,
94,sel123,153378,q1c,N,1,
104,sel123,153682,q1c,N,1,
114,sel123,154010,q1c,N,1,
124,sel123,154315,q1c,N,1,
134,sel123,154641,q1c,N,1,
144,sel123,154966,q1c,N,1,
154,sel123,155266,q1c,N,1,
164,sel123,155565,q1c,N,1,
174,sel123,155887,q1c,N,1,
184,sel123,156170,q1c,N,1,
194,sel123,156447,q1c,N,1,
204,sel123,156719,q1c,N,1,
214,sel123,156963,q1c,N,1,
222,sel123,157208,q1c,N,1,
232,sel123,157452,q1c,N,1,
242,sel123,157690,q1c,N,1,
252,sel123,157951,q1c,N,1,
262,sel123,158321,q1c,N,1,
272,sel123,158670,q1c,N,1,
282,sel123,159025,q1c,N,1,
292,sel123,159358,q1c,N,1,
4,sel14046,150191,q1c,N,1,
12,sel14046,150372,q1c,N,1,
20,sel14046,150557,q1c,N,1,
28,sel14046,150741,q1c,N,1,
36,sel14046,150923,q1c,N,1,
44,sel14046,151104,q1c,N,1,
52,sel14046,151283,q1c,N,1,
60,sel14046,151466,q1c,N,1,
68,sel14046,151647,q1c,N,1,
76,sel14046,151828,q1c,N,1,
84,sel14046,152008,q1c,N,1,
92,sel14046,152197,q1c,N,1,
100,sel14046,152380,q1c,N,1,
109,sel14046,152565,q1c,N,1,
117,sel14046,152757,q1c,N,1,
125,sel14046,152954,q1c,N,1,
133,sel14046,153143,q1c,N,1,
141,sel14046,153330,q1c,N,1,
149,sel14046,153525,q1c,N,1,
157,sel14046,153722,q1c,N,1,
165,sel14046,153908,q1c,N,1,
174,sel14046,154092,q1c,N,1,
182,sel14046,154280,q1c,N,1,
190,sel14046,154473,q1c,N,1,
198,sel14046,154660,q1c,N,1,
206,sel14046,154841,q1c,N,1,
214,sel14046,155029,q1c,N,1,
222,sel14046,155221,q1c,N,1,
230,sel14046,155408,q1c,N,1,
238,sel14046,155595,q1c,N,1,
246,sel14046,203184,q1c,N,12,
1,sel14157,150690,q1c,N,1,
11,sel14157,150898,q1c,N,1,
21,sel14157,151106,q1c,N,1,
31,sel14157,151312,q1c,N,1,
41,sel14157,151519,q1c,N,1,
49,sel14157,151727,q1c,N,1,
57,sel14157,151932,q1c,N,1,
67,sel14157,152142,q1c,N,1,
72,sel14157,152348,q1c,N,1,
80,sel14157,152554,q1c,N,1,
90,sel14157,152762,q1c,N,1,
98,sel14157,152966,q1c,N,1,
106,sel14157,153173,q1c,N,1,
114,sel14157,153380,q1c,N,1,
122,sel14157,153586,q1c,N,1,
130,sel14157,153793,q1c,N,1,
140,sel14157,154002,q1c,N,1,
148,sel14157,154209,q1c,N,1,
156,sel14157,154417,q1c,N,1,
164,sel14157,154626,q1c,N,1,
172,sel14157,154835,q1c,N,1,
180,sel14157,155044,q1c,N,1,
188,sel14157,155252,q1c,N,1,
198,sel14157,155459,q1c,N,1,
206,sel14157,155669,q1c,N,1,
214,sel14157,156507,q1c,N,1,
222,sel14157,156715,q1c,N,1,
230,sel14157,156927,q1c,N,1,
238,sel14157,157136,q1c,N,1,
246,sel14157,157349,q1c,N,1,
4,sel14172,150496,q1c,N,1,
16,sel14172,150833,q1c,N,1,
28,sel14172,151173,q1c,N,1,
40,sel14172,151499,q1c,N,1,
52,sel14172,151824,q1c,N,1,
64,sel14172,152149,q1c,N,1,
76,sel14172,152483,q1c,N,1,
88,sel14172,152803,q1c,N,1,
100,sel14172,153135,q1c,N,1,
112,sel14172,153465,q1c,N,1,
124,sel14172,153803,q1c,N,1,
136,sel14172,154122,q1c,N,1,
148,sel14172,154452,q1c,N,1,
160,sel14172,154804,q1c,N,1,
172,sel14172,155137,q1c,N,1,
184,sel14172,155470,q1c,N,1,
196,sel14172,155805,q1c,N,1,
208,sel14172,156162,q1c,N,2,
220,sel14172,156494,q1c,N,2,
232,sel14172,156810,q1c,N,1,
244,sel14172,157135,q1c,N,1,
256,sel14172,157464,q1c,N,1,
268,sel14172,157793,q1c,N,1,
280,sel14172,158125,q1c,N,1,
292,sel14172,158466,q1c,N,1,
304,sel14172,158789,q1c,N,1,
316,sel14172,159139,q1c,N,1,
328,sel14172,159504,q1c,N,1,
340,sel14172,159865,q1c,N,1,
352,sel14172,160206,q1c,N,1,
364,sel14172,160541,q1c,N,1,
376,sel14172,160889,q1c,N,1,
388,sel14172,162621,q1c,N,2,
400,sel14172,163324,q1c,N,2,
412,sel14172,164743,q1c,N,2,
424,sel14172,166463,q1c,N,2,
436,sel14172,167913,q1c,N,2,
448,sel14172,169720,q1c,N,2,
460,sel14172,170443,q1c,N,2,
472,sel14172,190281,q1c,N,2,
484,sel14172,190633,q1c,N,2,
496,sel14172,192811,q1c,N,2,
508,sel14172,201624,q1c,N,2,
520,sel14172,204808,q1c,N,2,
532,sel14172,205517,q1c,N,2,
544,sel14172,206930,q1c,N,2,
556,sel14172,208016,q1c,N,2,
568,sel14172,216581,q1c,N,2,
580,sel14172,216924,q1c,N,2,
592,sel14172,217272,q1c,N,2,
4,sel15814,150218,q1c,N,1,
12,sel15814,150438,q1c,N,1,
20,sel15814,150657,q1c,N,1,
28,sel15814,150877,q1c,N,1,
36,sel15814,151093,q1c,N,1,
44,sel15814,151313,q1c,N,1,
52,sel15814,151531,q1c,N,1,
60,sel15814,151751,q1c,N,1,
68,sel15814,151971,q1c,N,1,
76,sel15814,152191,q1c,N,1,
84,sel15814,152411,q1c,N,1,
92,sel15814,152632,q1c,N,1,
100,sel15814,152853,q1c,N,1,
108,sel15814,153074,q1c,N,1,
116,sel15814,153297,q1c,N,1,
124,sel15814,153519,q1c,N,1,
132,sel15814,154630,q1c,N,1,
140,sel15814,154854,q1c,N,1,
148,sel15814,155073,q1c,N,1,
156,sel15814,155295,q1c,N,1,
164,sel15814,155517,q1c,N,1,
172,sel15814,155739,q1c,N,1,
180,sel15814,155961,q1c,N,1,
188,sel15814,156182,q1c,N,1,
196,sel15814,156404,q1c,N,1,
204,sel15814,156625,q1c,N,1,
212,sel15814,156844,q1c,N,1,
220,sel15814,157064,q1c,N,1,
228,sel15814,157283,q1c,N,1,
236,sel15814,157502,q1c,N,1,
4,sel16265,150435,q1c,N,1,
12,sel16265,150633,q1c,N,1,
20,sel16265,150812,q1c,N,1,
28,sel16265,150984,q1c,N,1,
36,sel16265,151155,q1c,N,1,
44,sel16265,151327,q1c,N,1,
52,sel16265,151500,q1c,N,1,
60,sel16265,151673,q1c,N,1,
68,sel16265,151859,q1c,N,1,
76,sel16265,152054,q1c,N,1,
84,sel16265,152243,q1c,N,1,
92,sel16265,152428,q1c,N,1,
100,sel16265,152623,q1c,N,1,
108,sel16265,152819,q1c,N,1,
116,sel16265,153003,q1c,N,1,
124,sel16265,153181,q1c,N,1,
132,sel16265,153362,q1c,N,1,
140,sel16265,153542,q1c,N,1,
148,sel16265,153723,q1c,N,1,
156,sel16265,153903,q1c,N,1,
164,sel16265,154084,q1c,N,1,
172,sel16265,154271,q1c,N,1,
180,sel16265,154458,q1c,N,1,
188,sel16265,154638,q1c,N,1,
196,sel16265,154821,q1c,N,1,
204,sel16265,155013,q1c,N,1,
212,sel16265,155206,q1c,N,1,
220,sel16265,155393,q1c,N,1,
228,sel16265,155575,q1c,N,1,
236,sel16265,155764,q1c,N,1,
4,sel16272,150452,q1c,N,1,
12,sel16272,150722,q1c,N,1,
20,sel16272,150988,q1c,N,1,
28,sel16272,151258,q1c,N,1,
36,sel16272,151530,q1c,N,1,
44,sel16272,151798,q1c,N,1,
52,sel16272,152062,q1c,N,1,
60,sel16272,152328,q1c,N,1,
68,sel16272,152597,q1c,N,1,
76,sel16272,152861,q1c,N,1,
84,sel16272,153122,q1c,N,1,
92,sel16272,153387,q1c,N,1,
100,sel16272,153654,q1c,N,1,
108,sel16272,153917,q1c,N,1,
116,sel16272,154182,q1c,N,1,
124,sel16272,154450,q1c,N,1,
132,sel16272,154723,q1c,N,1,
140,sel16272,154990,q1c,N,1,
148,sel16272,155257,q1c,N,0,
156,sel16272,155529,q1c,N,1,
164,sel16272,155798,q1c,N,1,
172,sel16272,156062,q1c,N,1,
180,sel16272,156330,q1c,N,1,
188,sel16272,156601,q1c,N,1,
196,sel16272,156859,q1c,N,1,
204,sel16272,157121,q1c,N,1,
212,sel16272,157383,q1c,N,1,
220,sel16272,157648,q1c,N,1,
228,sel16272,157910,q1c,N,1,
236,sel16272,158178,q1c,N,1,
4,sel16273,150308,q1c,N,1,
12,sel16273,150514,q1c,N,1,
20,sel16273,150725,q1c,N,1,
28,sel16273,150928,q1c,N,1,
36,sel16273,151132,q1c,N,1,
44,sel16273,151330,q1c,N,1,
52,sel16273,151524,q1c,N,1,
60,sel16273,151713,q1c,N,1,
68,sel16273,151907,q1c,N,1,
76,sel16273,152111,q1c,N,1,
84,sel16273,152312,q1c,N,1,
92,sel16273,152523,q1c,N,1,
100,sel16273,152741,q1c,N,1,
108,sel16273,152954,q1c,N,1,
116,sel16273,153171,q1c,N,1,
124,sel16273,153390,q1c,N,1,
132,sel16273,153596,q1c,N,1,
140,sel16273,153799,q1c,N,1,
148,sel16273,154006,q1c,N,1,
156,sel16273,154209,q1c,N,1,
164,sel16273,154407,q1c,N,1,
172,sel16273,154614,q1c,N,1,
180,sel16273,154824,q1c,N,1,
188,sel16273,155025,q1c,N,1,
196,sel16273,155232,q1c,N,1,
204,sel16273,155446,q1c,N,1,
212,sel16273,155655,q1c,N,1,
220,sel16273,155861,q1c,N,1,
228,sel16273,156073,q1c,N,1,
236,sel16273,156282,q1c,N,1,
4,sel16420,150296,q1c,N,1,
12,sel16420,150514,q1c,N,1,
20,sel16420,150720,q1c,N,1,
28,sel16420,150926,q1c,N,1,
36,sel16420,151137,q1c,N,1,
44,sel16420,151351,q1c,N,1,
52,sel16420,151555,q1c,N,1,
60,sel16420,151766,q1c,N,1,
68,sel16420,151983,q1c,N,1,
76,sel16420,152190,q1c,N,1,
84,sel16420,152401,q1c,N,1,
92,sel16420,152624,q1c,N,1,
100,sel16420,152835,q1c,N,1,
108,sel16420,153040,q1c,N,1,
116,sel16420,153256,q1c,N,1,
124,sel16420,153479,q1c,N,1,
132,sel16420,153687,q1c,N,1,
140,sel16420,153898,q1c,N,1,
148,sel16420,154113,q1c,N,1,
156,sel16420,154328,q1c,N,1,
164,sel16420,154535,q1c,N,1,
172,sel16420,154754,q1c,N,1,
180,sel16420,154983,q1c,N,1,
188,sel16420,155201,q1c,N,1,
196,sel16420,155421,q1c,N,1,
204,sel16420,155647,q1c,N,1,
212,sel16420,155865,q1c,N,1,
220,sel16420,156073,q1c,N,1,
228,sel16420,156287,q1c,N,1,
236,sel16420,156506,q1c,N,1,
4,sel16483,150308,q1c,N,1,
12,sel16483,150512,q1c,N,1,
20,sel16483,150715,q1c,N,1,
28,sel16483,150915,q1c,N,1,
36,sel16483,151119,q1c,N,1,
44,sel16483,151324,q1c,N,1,
52,sel16483,151526,q1c,N,1,
60,sel16483,151728,q1c,N,1,
68,sel16483,151930,q1c,N,1,
76,sel16483,152134,q1c,N,1,
84,sel16483,152337,q1c,N,1,
92,sel16483,152538,q1c,N,1,
100,sel16483,152737,q1c,N,1,
108,sel16483,152936,q1c,N,1,
116,sel16483,153136,q1c,N,1,
124,sel16483,153334,q1c,N,1,
132,sel16483,153532,q1c,N,1,
140,sel16483,153731,q1c,N,1,
148,sel16483,153931,q1c,N,1,
156,sel16483,154134,q1c,N,1,
164,sel16483,154337,q1c,N,1,
172,sel16483,154538,q1c,N,1,
180,sel16483,154745,q1c,N,1,
188,sel16483,154948,q1c,N,1,
196,sel16483,155150,q1c,N,1,
204,sel16483,155352,q1c,N,1,
212,sel16483,155554,q1c,N,1,
220,sel16483,155762,q1c,N,1,
228,sel16483,155982,q1c,N,1,
236,sel16483,156193,q1c,N,1,
4,sel16539,150230,q1c,N,1,
13,sel16539,150452,q1c,N,1,
22,sel16539,150665,q1c,N,1,
31,sel16539,150879,q1c,N,1,
40,sel16539,151135,q1c,N,1,
49,sel16539,151420,q1c,N,1,
58,sel16539,151729,q1c,N,1,
67,sel16539,152010,q1c,N,1,
76,sel16539,152233,q1c,N,1,
85,sel16539,152439,q1c,N,1,
94,sel16539,152640,q1c,N,1,
103,sel16539,152844,q1c,N,1,
112,sel16539,153033,q1c,N,1,
121,sel16539,153221,q1c,N,1,
130,sel16539,153412,q1c,N,1,
139,sel16539,153625,q1c,N,1,
148,sel16539,153824,q1c,N,1,
157,sel16539,154028,q1c,N,1,
166,sel16539,154252,q1c,N,1,
175,sel16539,154467,q1c,N,1,
184,sel16539,154684,q1c,N,1,
193,sel16539,154926,q1c,N,1,
202,sel16539,155144,q1c,N,1,
211,sel16539,155487,q1c,N,1,
220,sel16539,155812,q1c,N,1,
229,sel16539,156076,q1c,N,1,
238,sel16539,156397,q1c,N,1,
247,sel16539,156692,q1c,N,1,
256,sel16539,156950,q1c,N,1,
265,sel16539,157194,q1c,N,1,
4,sel16773,150302,q1c,N,1,
14,sel16773,150542,q1c,N,1,
24,sel16773,150768,q1c,N,1,
34,sel16773,150991,q1c,N,1,
44,sel16773,151210,q1c,N,1,
54,sel16773,151418,q1c,N,1,
64,sel16773,151627,q1c,N,1,
74,sel16773,151862,q1c,N,1,
84,sel16773,152101,q1c,N,1,
94,sel16773,152334,q1c,N,1,
104,sel16773,152567,q1c,N,1,
114,sel16773,152796,q1c,N,1,
124,sel16773,153013,q1c,N,1,
134,sel16773,153236,q1c,N,1,
144,sel16773,153469,q1c,N,1,
154,sel16773,153696,q1c,N,1,
164,sel16773,153917,q1c,N,1,
174,sel16773,154146,q1c,N,1,
184,sel16773,154375,q1c,N,1,
194,sel16773,154595,q1c,N,1,
204,sel16773,154824,q1c,N,1,
214,sel16773,155062,q1c,N,1,
224,sel16773,155287,q1c,N,1,
234,sel16773,155506,q1c,N,1,
244,sel16773,155750,q1c,N,1,
254,sel16773,156003,q1c,N,1,
264,sel16773,156242,q1c,N,1,
274,sel16773,156469,q1c,N,1,
284,sel16773,156685,q1c,N,1,
294,sel16773,156897,q1c,N,1,
4,sel16786,150370,q1c,N,1,
13,sel16786,150605,q1c,N,1,
22,sel16786,150854,q1c,N,1,
31,sel16786,151110,q1c,N,1,
40,sel16786,151363,q1c,N,1,
49,sel16786,151601,q1c,N,1,
58,sel16786,151826,q1c,N,1,
67,sel16786,152064,q1c,N,1,
76,sel16786,152311,q1c,N,1,
85,sel16786,152548,q1c,N,1,
94,sel16786,152775,q1c,N,1,
103,sel16786,153021,q1c,N,1,
112,sel16786,153280,q1c,N,1,
121,sel16786,153533,q1c,N,1,
130,sel16786,153772,q1c,N,1,
139,sel16786,154027,q1c,N,1,
148,sel16786,154282,q1c,N,1,
157,sel16786,154521,q1c,N,1,
166,sel16786,154758,q1c,N,1,
175,sel16786,155001,q1c,N,1,
184,sel16786,155241,q1c,N,1,
193,sel16786,155471,q1c,N,1,
202,sel16786,155698,q1c,N,1,
211,sel16786,155934,q1c,N,1,
220,sel16786,156179,q1c,N,1,
229,sel16786,156420,q1c,N,1,
238,sel16786,156651,q1c,N,1,
247,sel16786,156904,q1c,N,1,
256,sel16786,157147,q1c,N,1,
265,sel16786,157393,q1c,N,1,
4,sel16795,150540,q1c,N,1,
13,sel16795,150795,q1c,N,1,
22,sel16795,151110,q1c,N,1,
31,sel16795,151426,q1c,N,1,
40,sel16795,151735,q1c,N,1,
49,sel16795,152024,q1c,N,1,
58,sel16795,152323,q1c,N,1,
67,sel16795,152636,q1c,N,1,
75,sel16795,152942,q1c,N,1,
84,sel16795,153218,q1c,N,1,
93,sel16795,153506,q1c,N,1,
102,sel16795,153812,q1c,N,1,
111,sel16795,154115,q1c,N,1,
120,sel16795,154396,q1c,N,1,
129,sel16795,154705,q1c,N,1,
138,sel16795,155024,q1c,N,1,
147,sel16795,155335,q1c,N,1,
156,sel16795,155623,q1c,N,1,
165,sel16795,155924,q1c,N,1,
174,sel16795,156239,q1c,N,1,
183,sel16795,156550,q1c,N,1,
192,sel16795,156838,q1c,N,1,
201,sel16795,157143,q1c,N,1,
210,sel16795,157463,q1c,N,1,
219,sel16795,157774,q1c,N,1,
228,sel16795,158059,q1c,N,1,
237,sel16795,158371,q1c,N,1,
246,sel16795,158681,q1c,N,1,
255,sel16795,158983,q1c,N,1,
264,sel16795,159256,q1c,N,1,
4,sel17152,150173,q1c,N,12,
13,sel17152,150310,q1c,N,12,
22,sel17152,150447,q1c,N,0,
31,sel17152,150582,q1c,N,12,
40,sel17152,150720,q1c,N,12,
49,sel17152,150855,q1c,N,12,
58,sel17152,150992,q1c,N,12,
67,sel17152,151128,q1c,N,0,
76,sel17152,151263,q1c,N,12,
85,sel17152,151400,q1c,N,12,
94,sel17152,151535,q1c,N,12,
103,sel17152,151671,q1c,N,12,
112,sel17152,151808,q1c,N,12,
121,sel17152,151945,q1c,N,12,
130,sel17152,152082,q1c,N,12,
139,sel17152,152218,q1c,N,12,
148,sel17152,152355,q1c,N,12,
157,sel17152,152492,q1c,N,12,
166,sel17152,152628,q1c,N,0,
175,sel17152,152765,q1c,N,12,
184,sel17152,152904,q1c,N,12,
193,sel17152,153041,q1c,N,12,
202,sel17152,153177,q1c,N,12,
211,sel17152,153316,q1c,N,12,
220,sel17152,153453,q1c,N,12,
229,sel17152,153591,q1c,N,12,
238,sel17152,153728,q1c,N,12,
247,sel17152,153865,q1c,N,12,
256,sel17152,154003,q1c,N,12,
265,sel17152,154140,q1c,N,12,
4,sel17453,150276,q1c,N,1,
15,sel17453,150483,q1c,N,1,
26,sel17453,150721,q1c,N,1,
37,sel17453,150993,q1c,N,1,
48,sel17453,151232,q1c,N,1,
59,sel17453,151468,q1c,N,0,
68,sel17453,151712,q1c,N,1,
77,sel17453,151949,q1c,N,1,
88,sel17453,152169,q1c,N,1,
99,sel17453,152391,q1c,N,1,
108,sel17453,152620,q1c,N,1,
117,sel17453,152837,q1c,N,1,
128,sel17453,153053,q1c,N,1,
140,sel17453,153277,q1c,N,1,
151,sel17453,153508,q1c,N,1,
162,sel17453,153721,q1c,N,1,
173,sel17453,153927,q1c,N,1,
182,sel17453,154137,q1c,N,1,
193,sel17453,154352,q1c,N,1,
204,sel17453,154551,q1c,N,1,
213,sel17453,154744,q1c,N,1,
222,sel17453,154951,q1c,N,1,
231,sel17453,155169,q1c,N,1,
242,sel17453,155399,q1c,N,1,
253,sel17453,155597,q1c,N,1,
265,sel17453,155790,q1c,N,1,
277,sel17453,155998,q1c,N,1,
286,sel17453,156234,q1c,N,1,
295,sel17453,156461,q1c,N,1,
306,sel17453,156693,q1c,N,1,
4,sel213,150215,q1c,N,5,
12,sel213,150352,q1c,N,1,
20,sel213,150490,q1c,N,1,
28,sel213,150629,q1c,N,1,
36,sel213,150767,q1c,N,3,
44,sel213,150909,q1c,N,1,
52,sel213,151043,q1c,N,1,
60,sel213,151174,q1c,N,1,
68,sel213,151311,q1c,N,1,
76,sel213,151446,q1c,N,1,
84,sel213,151588,q1c,N,1,
92,sel213,151726,q1c,N,1,
100,sel213,151866,q1c,N,1,
108,sel213,152001,q1c,N,2,
116,sel213,152142,q1c,N,1,
124,sel213,152274,q1c,N,1,
132,sel213,152410,q1c,N,3,
140,sel213,152554,q1c,N,1,
148,sel213,152694,q1c,N,4,
156,sel213,153243,q1c,N,1,
164,sel213,153382,q1c,N,1,
172,sel213,153513,q1c,N,1,
180,sel213,153653,q1c,N,1,
188,sel213,153793,q1c,N,1,
196,sel213,153930,q1c,N,1,
204,sel213,155983,q1c,N,5,
212,sel213,158182,q1c,N,5,
220,sel213,160386,q1c,N,4,
228,sel213,189246,q1c,N,13,
236,sel213,190905,q1c,N,5,
244,sel213,191180,q1c,N,5,
252,sel213,191462,q1c,N,3,
260,sel213,191740,q1c,N,4,
268,sel213,192016,q1c,N,5,
276,sel213,192297,q1c,N,5,
284,sel213,192572,q1c,N,5,
292,sel213,192854,q1c,N,5,
300,sel213,193401,q1c,N,3,
308,sel213,193683,q1c,N,3,
316,sel213,194230,q1c,N,4,
324,sel213,194508,q1c,N,4,
332,sel213,194787,q1c,N,3,
340,sel213,195072,q1c,N,5,
348,sel213,195343,q1c,N,5,
356,sel213,195625,q1c,N,4,
364,sel213,196450,q1c,N,14,
372,sel213,196727,q1c,N,4,
380,sel213,198107,q1c,N,5,
388,sel213,198659,q1c,N,4,
396,sel213,199215,q1c,N,4,
404,sel213,200860,q1c,N,3,
412,sel213,203068,q1c,N,3,
420,sel213,203612,q1c,N,5,
428,sel213,204438,q1c,N,5,
436,sel213,204714,q1c,N,5,
444,sel213,206644,q1c,N,5,
452,sel213,206923,q1c,N,3,
460,sel213,207482,q1c,N,3,
468,sel213,207761,q1c,N,5,
476,sel213,208314,q1c,N,0,
484,sel213,208584,q1c,N,3,
492,sel213,208867,q1c,N,14,
500,sel213,209143,q1c,N,3,
508,sel213,210810,q1c,N,5,
516,sel213,214147,q1c,N,14,
524,sel213,216097,q1c,N,3,
532,sel213,216657,q1c,N,4,
540,sel213,219706,q1c,N,4,
548,sel213,222190,q1c,N,3,
556,sel213,223566,q1c,N,3,
564,sel213,224107,q1c,N,8,
1,sel221,150499,q1c,N,1,
6,sel221,151248,q1c,N,1,
11,sel221,151890,q1c,N,1,
16,sel221,152053,q1c,N,1,
21,sel221,152227,q1c,N,1,
26,sel221,152379,q1c,N,1,
31,sel221,153183,q1c,N,1,
36,sel221,153355,q1c,N,1,
41,sel221,154085,q1c,N,0,
46,sel221,154257,q1c,N,1,
51,sel221,154883,q1c,N,1,
56,sel221,155591,q1c,N,1,
61,sel221,155781,q1c,N,1,
66,sel221,155948,q1c,N,1,
71,sel221,156624,q1c,N,1,
76,sel221,156818,q1c,N,1,
81,sel221,156979,q1c,N,1,
86,sel221,157177,q1c,N,1,
91,sel221,157339,q1c,N,1,
96,sel221,157545,q1c,N,1,
101,sel221,157857,q1c,N,1,
106,sel221,158117,q1c,N,1,
111,sel221,158302,q1c,N,1,
116,sel221,158477,q1c,N,1,
121,sel221,158644,q1c,N,1,
126,sel221,158839,q1c,N,1,
131,sel221,158980,q1c,N,1,
136,sel221,159132,q1c,N,1,
141,sel221,159309,q1c,N,1,
146,sel221,159450,q1c,N,1,
4,sel223,167917,q1c,N,1,
13,sel223,168087,q1c,N,1,
22,sel223,168251,q1c,N,1,
31,sel223,168421,q1c,N,1,
40,sel223,168587,q1c,N,1,
49,sel223,168759,q1c,N,1,
58,sel223,168931,q1c,N,1,
67,sel223,169100,q1c,N,1,
76,sel223,169263,q1c,N,1,
85,sel223,169434,q1c,N,1,
94,sel223,169606,q1c,N,1,
103,sel223,169776,q1c,N,1,
112,sel223,169938,q1c,N,1,
121,sel223,170105,q1c,N,1,
130,sel223,170273,q1c,N,1,
139,sel223,170444,q1c,N,1,
148,sel223,170614,q1c,N,1,
157,sel223,170789,q1c,N,1,
166,sel223,170956,q1c,N,1,
175,sel223,171133,q1c,N,1,
184,sel223,171305,q1c,N,1,
193,sel223,171476,q1c,N,1,
202,sel223,171648,q1c,N,1,
211,sel223,171818,q1c,N,1,
220,sel223,171990,q1c,N,1,
229,sel223,172166,q1c,N,1,
238,sel223,172333,q1c,N,1,
247,sel223,172500,q1c,N,1,
256,sel223,172674,q1c,N,1,
265,sel223,172852,q1c,N,1,
274,sel223,180014,q1c,N,7,
4,sel230,150204,q1c,N,1,
12,sel230,150396,q1c,N,1,
20,sel230,150585,q1c,N,1,
28,sel230,150781,q1c,N,1,
36,sel230,150981,q1c,N,1,
44,sel230,151188,q1c,N,1,
52,sel230,151387,q1c,N,1,
60,sel230,151579,q1c,N,1,
68,sel230,151768,q1c,N,2,
76,sel230,151962,q1c,N,2,
84,sel230,152157,q1c,N,2,
92,sel230,152356,q1c,N,2,
100,sel230,152554,q1c,N,2,
108,sel230,152747,q1c,N,2,
116,sel230,152940,q1c,N,2,
124,sel230,153131,q1c,N,2,
132,sel230,153333,q1c,N,2,
140,sel230,153545,q1c,N,2,
148,sel230,153767,q1c,N,2,
156,sel230,153992,q1c,N,2,
164,sel230,154222,q1c,N,1,
172,sel230,154433,q1c,N,1,
180,sel230,154638,q1c,N,2,
188,sel230,154844,q1c,N,2,
196,sel230,155050,q1c,N,2,
204,sel230,155253,q1c,N,1,
212,sel230,155451,q1c,N,1,
220,sel230,155653,q1c,N,1,
228,sel230,155856,q1c,N,1,
236,sel230,156064,q1c,N,2,
244,sel230,156275,q1c,N,2,
252,sel230,156488,q1c,N,2,
260,sel230,156707,q1c,N,2,
268,sel230,156922,q1c,N,2,
276,sel230,159674,q1c,N,1,
284,sel230,160312,q1c,N,1,
292,sel230,160529,q1c,N,1,
300,sel230,161436,q1c,N,1,
308,sel230,161658,q1c,N,1,
316,sel230,161863,q1c,N,1,
324,sel230,162067,q1c,N,1,
332,sel230,163132,q1c,N,1,
340,sel230,164683,q1c,N,1,
348,sel230,164906,q1c,N,1,
356,sel230,165580,q1c,N,1,
364,sel230,165807,q1c,N,1,
372,sel230,166033,q1c,N,1,
380,sel230,166256,q1c,N,1,
388,sel230,166476,q1c,N,1,
396,sel230,166674,q1c,N,1,
4,sel231,150382,q1c,N,1,
12,sel231,150614,q1c,N,1,
20,sel231,150847,q1c,N,1,
28,sel231,151078,q1c,N,1,
36,sel231,151305,q1c,N,1,
44,sel231,151556,q1c,N,1,
52,sel231,151800,q1c,N,1,
60,sel231,152037,q1c,N,1,
68,sel231,152280,q1c,N,1,
76,sel231,152522,q1c,N,1,
84,sel231,152754,q1c,N,1,
92,sel231,152998,q1c,N,1,
100,sel231,153235,q1c,N,1,
108,sel231,153465,q1c,N,1,
116,sel231,153690,q1c,N,1,
124,sel231,153925,q1c,N,1,
132,sel231,154150,q1c,N,1,
140,sel231,154382,q1c,N,1,
148,sel231,154616,q1c,N,1,
156,sel231,154841,q1c,N,1,
164,sel231,155266,q1c,N,2,
172,sel231,155694,q1c,N,2,
180,sel231,156136,q1c,N,2,
188,sel231,156562,q1c,N,2,
196,sel231,157002,q1c,N,2,
204,sel231,157422,q1c,N,2,
212,sel231,157836,q1c,N,1,
220,sel231,158235,q1c,N,1,
228,sel231,158634,q1c,N,1,
236,sel231,159042,q1c,N,1,
244,sel231,159437,q1c,N,1,
252,sel231,159856,q1c,N,1,
260,sel231,160264,q1c,N,1,
268,sel231,160668,q1c,N,1,
276,sel231,161072,q1c,N,1,
284,sel231,161475,q1c,N,1,
292,sel231,165984,q1c,N,2,
300,sel231,166408,q1c,N,2,
308,sel231,166831,q1c,N,2,
316,sel231,167248,q1c,N,2,
324,sel231,167650,q1c,N,2,
332,sel231,168067,q1c,N,2,
340,sel231,168470,q1c,N,2,
348,sel231,168878,q1c,N,2,
356,sel231,169285,q1c,N,2,
364,sel231,169705,q1c,N,2,
372,sel231,170137,q1c,N,2,
380,sel231,170545,q1c,N,2,
388,sel231,170975,q1c,N,2,
396,sel231,171399,q1c,N,2,
4,sel233,150297,q1c,N,1,
12,sel233,150899,q1c,N,1,
20,sel233,151487,q1c,N,1,
28,sel233,152078,q1c,N,1,
36,sel233,153116,q1c,N,1,
44,sel233,153266,q1c,N,1,
52,sel233,153416,q1c,N,1,
60,sel233,154009,q1c,N,1,
68,sel233,154158,q1c,N,1,
76,sel233,154310,q1c,N,1,
84,sel233,154458,q1c,N,1,
92,sel233,155487,q1c,N,1,
100,sel233,156224,q1c,N,1,
108,sel233,156371,q1c,N,1,
116,sel233,156517,q1c,N,1,
124,sel233,158731,q1c,N,1,
132,sel233,159621,q1c,N,1,
140,sel233,159766,q1c,N,1,
148,sel233,159913,q1c,N,1,
156,sel233,160058,q1c,N,1,
164,sel233,160204,q1c,N,1,
172,sel233,162280,q1c,N,1,
180,sel233,162426,q1c,N,1,
188,sel233,162576,q1c,N,1,
196,sel233,163174,q1c,N,1,
204,sel233,163769,q1c,N,1,
212,sel233,164360,q1c,N,1,
220,sel233,165407,q1c,N,1,
228,sel233,165555,q1c,N,1,
236,sel233,165705,q1c,N,1,
4,sel30,150399,q1c,N,1,
13,sel30,150629,q1c,N,1,
22,sel30,150859,q1c,N,1,
31,sel30,151088,q1c,N,1,
40,sel30,151322,q1c,N,1,
49,sel30,151560,q1c,N,1,
58,sel30,151795,q1c,N,1,
67,sel30,152031,q1c,N,1,
76,sel30,152267,q1c,N,1,
85,sel30,152494,q1c,N,1,
94,sel30,152723,q1c,N,1,
103,sel30,152949,q1c,N,1,
112,sel30,153177,q1c,N,1,
121,sel30,153416,q1c,N,1,
130,sel30,153653,q1c,N,1,
139,sel30,153885,q1c,N,1,
148,sel30,154121,q1c,N,1,
157,sel30,154360,q1c,N,1,
166,sel30,154592,q1c,N,1,
175,sel30,154830,q1c,N,1,
184,sel30,155070,q1c,N,1,
193,sel30,155295,q1c,N,1,
202,sel30,155528,q1c,N,1,
211,sel30,155757,q1c,N,1,
220,sel30,155985,q1c,N,1,
229,sel30,156219,q1c,N,1,
238,sel30,156452,q1c,N,1,
247,sel30,156681,q1c,N,1,
256,sel30,156911,q1c,N,1,
265,sel30,157141,q1c,N,1,
4,sel301,150249,q1c,N,1,
13,sel301,150444,q1c,N,1,
22,sel301,150638,q1c,N,1,
31,sel301,150832,q1c,N,1,
40,sel301,151025,q1c,N,1,
49,sel301,151224,q1c,N,1,
58,sel301,151425,q1c,N,1,
67,sel301,151631,q1c,N,1,
76,sel301,151833,q1c,N,1,
85,sel301,152033,q1c,N,1,
94,sel301,152238,q1c,N,1,
103,sel301,152445,q1c,N,1,
112,sel301,152660,q1c,N,1,
121,sel301,152861,q1c,N,1,
130,sel301,153070,q1c,N,1,
139,sel301,153268,q1c,N,1,
148,sel301,157077,q1c,N,1,
157,sel301,157279,q1c,N,1,
166,sel301,157481,q1c,N,1,
175,sel301,157679,q1c,N,1,
184,sel301,157877,q1c,N,1,
193,sel301,158075,q1c,N,1,
202,sel301,158275,q1c,N,1,
211,sel301,158476,q1c,N,1,
220,sel301,158672,q1c,N,1,
229,sel301,158874,q1c,N,1,
238,sel301,159077,q1c,N,1,
247,sel301,159283,q1c,N,1,
256,sel301,159478,q1c,N,1,
265,sel301,159679,q1c,N,1,
4,sel302,151150,q1c,N,1,
12,sel302,151291,q1c,N,1,
20,sel302,151431,q1c,N,1,
28,sel302,151573,q1c,N,1,
36,sel302,151717,q1c,N,1,
44,sel302,151859,q1c,N,1,
52,sel302,152001,q1c,N,1,
60,sel302,152142,q1c,N,1,
68,sel302,152290,q1c,N,1,
76,sel302,152437,q1c,N,1,
84,sel302,152582,q1c,N,1,
92,sel302,152726,q1c,N,1,
100,sel302,152878,q1c,N,1,
108,sel302,153030,q1c,N,1,
116,sel302,153182,q1c,N,1,
124,sel302,153332,q1c,N,1,
132,sel302,153490,q1c,N,1,
140,sel302,153648,q1c,N,1,
148,sel302,153802,q1c,N,1,
156,sel302,153956,q1c,N,1,
164,sel302,154114,q1c,N,1,
172,sel302,154272,q1c,N,1,
180,sel302,154425,q1c,N,1,
188,sel302,154581,q1c,N,1,
196,sel302,154740,q1c,N,1,
204,sel302,155377,q1c,N,1,
212,sel302,155536,q1c,N,1,
220,sel302,155691,q1c,N,1,
228,sel302,155845,q1c,N,1,
236,sel302,156004,q1c,N,1,
4,sel306,150290,q1c,N,1,
12,sel306,150489,q1c,N,1,
20,sel306,150692,q1c,N,1,
28,sel306,150888,q1c,N,1,
36,sel306,151095,q1c,N,1,
44,sel306,151300,q1c,N,1,
52,sel306,151499,q1c,N,1,
60,sel306,151699,q1c,N,1,
68,sel306,151907,q1c,N,1,
76,sel306,152123,q1c,N,1,
84,sel306,152336,q1c,N,1,
92,sel306,152548,q1c,N,1,
100,sel306,152765,q1c,N,1,
108,sel306,152979,q1c,N,1,
116,sel306,153188,q1c,N,1,
124,sel306,153406,q1c,N,1,
132,sel306,153627,q1c,N,1,
140,sel306,153845,q1c,N,1,
148,sel306,154076,q1c,N,1,
156,sel306,154301,q1c,N,1,
164,sel306,154524,q1c,N,1,
172,sel306,154754,q1c,N,1,
180,sel306,154980,q1c,N,1,
188,sel306,155197,q1c,N,1,
196,sel306,155423,q1c,N,1,
204,sel306,155648,q1c,N,1,
212,sel306,155859,q1c,N,1,
220,sel306,156069,q1c,N,1,
228,sel306,156282,q1c,N,1,
236,sel306,156500,q1c,N,1,
244,sel306,176991,q1c,N,2,
252,sel306,186287,q1c,N,2,
260,sel306,188584,q1c,N,2,
268,sel306,204110,q1c,N,2,
276,sel306,204565,q1c,N,2,
284,sel306,221158,q1c,N,2,
4,sel307,150420,q1c,N,1,
12,sel307,150701,q1c,N,1,
20,sel307,150991,q1c,N,1,
28,sel307,151280,q1c,N,1,
36,sel307,151571,q1c,N,1,
44,sel307,151842,q1c,N,1,
52,sel307,152090,q1c,N,1,
60,sel307,152325,q1c,N,1,
68,sel307,152574,q1c,N,1,
76,sel307,152849,q1c,N,1,
84,sel307,153132,q1c,N,1,
92,sel307,153413,q1c,N,1,
100,sel307,153693,q1c,N,1,
110,sel307,153973,q1c,N,1,
118,sel307,154264,q1c,N,1,
128,sel307,154536,q1c,N,1,
138,sel307,154816,q1c,N,1,
148,sel307,155096,q1c,N,1,
158,sel307,155368,q1c,N,1,
166,sel307,155651,q1c,N,1,
176,sel307,155925,q1c,N,1,
184,sel307,156188,q1c,N,1,
192,sel307,156425,q1c,N,1,
200,sel307,156704,q1c,N,1,
210,sel307,156950,q1c,N,1,
220,sel307,157177,q1c,N,1,
230,sel307,157401,q1c,N,1,
240,sel307,157705,q1c,N,1,
250,sel307,157988,q1c,N,1,
260,sel307,158256,q1c,N,1,
4,sel308,150327,q1c,N,1,
12,sel308,150535,q1c,N,1,
20,sel308,150747,q1c,N,1,
28,sel308,150963,q1c,N,1,
36,sel308,151839,q1c,N,1,
44,sel308,152058,q1c,N,1,
52,sel308,152271,q1c,N,1,
60,sel308,152482,q1c,N,1,
68,sel308,152699,q1c,N,1,
76,sel308,152907,q1c,N,1,
84,sel308,153115,q1c,N,1,
92,sel308,153321,q1c,N,1,
100,sel308,153531,q1c,N,1,
108,sel308,153733,q1c,N,1,
116,sel308,153933,q1c,N,1,
124,sel308,154735,q1c,N,1,
132,sel308,154939,q1c,N,1,
140,sel308,155758,q1c,N,2,
148,sel308,155972,q1c,N,2,
156,sel308,156848,q1c,N,2,
164,sel308,157080,q1c,N,2,
172,sel308,157291,q1c,N,2,
180,sel308,157505,q1c,N,1,
188,sel308,157711,q1c,N,1,
196,sel308,157925,q1c,N,1,
205,sel308,158131,q1c,N,1,
213,sel308,158344,q1c,N,1,
221,sel308,158559,q1c,N,1,
229,sel308,158765,q1c,N,1,
237,sel308,158970,q1c,N,1,
245,sel308,159179,q1c,N,1,
253,sel308,159386,q1c,N,1,
261,sel308,159587,q1c,N,1,
269,sel308,159789,q1c,N,1,
277,sel308,159995,q1c,N,1,
285,sel308,164222,q1c,N,2,
293,sel308,173220,q1c,N,2,
301,sel308,173428,q1c,N,2,
309,sel308,173640,q1c,N,2,
317,sel308,173853,q1c,N,2,
325,sel308,174063,q1c,N,2,
333,sel308,174275,q1c,N,2,
341,sel308,174484,q1c,N,2,
349,sel308,177843,q1c,N,2,
357,sel308,178056,q1c,N,2,
365,sel308,178265,q1c,N,2,
373,sel308,178475,q1c,N,2,
381,sel308,178676,q1c,N,2,
389,sel308,180953,q1c,N,2,
397,sel308,199458,q1c,N,2,
4,sel31,150292,q1c,N,1,
13,sel31,150495,q1c,N,1,
22,sel31,150698,q1c,N,1,
31,sel31,150900,q1c,N,1,
40,sel31,151106,q1c,N,1,
49,sel31,151313,q1c,N,1,
58,sel31,151520,q1c,N,1,
67,sel31,151729,q1c,N,1,
76,sel31,151939,q1c,N,1,
85,sel31,152150,q1c,N,1,
94,sel31,152363,q1c,N,1,
103,sel31,152575,q1c,N,1,
112,sel31,152788,q1c,N,1,
121,sel31,153001,q1c,N,1,
130,sel31,153214,q1c,N,1,
139,sel31,153426,q1c,N,1,
148,sel31,153640,q1c,N,1,
157,sel31,153852,q1c,N,1,
166,sel31,154064,q1c,N,1,
175,sel31,154273,q1c,N,1,
184,sel31,154482,q1c,N,1,
193,sel31,154696,q1c,N,1,
202,sel31,154903,q1c,N,1,
211,sel31,155115,q1c,N,1,
220,sel31,155324,q1c,N,1,
229,sel31,155533,q1c,N,1,
238,sel31,155740,q1c,N,1,
247,sel31,155949,q1c,N,1,
256,sel31,156153,q1c,N,1,
265,sel31,156358,q1c,N,1,
1,sel310,150165,q1c,N,1,
8,sel310,150288,q1c,N,1,
15,sel310,150412,q1c,N,1,
22,sel310,150535,q1c,N,1,
29,sel310,150657,q1c,N,1,
36,sel310,150779,q1c,N,1,
43,sel310,150901,q1c,N,1,
50,sel310,151023,q1c,N,1,
57,sel310,151143,q1c,N,1,
64,sel310,151264,q1c,N,1,
71,sel310,151386,q1c,N,1,
78,sel310,151509,q1c,N,1,
85,sel310,151631,q1c,N,1,
92,sel310,151753,q1c,N,1,
99,sel310,151876,q1c,N,1,
106,sel310,152000,q1c,N,1,
113,sel310,152124,q1c,N,1,
120,sel310,152248,q1c,N,1,
127,sel310,152370,q1c,N,1,
134,sel310,152492,q1c,N,1,
141,sel310,152613,q1c,N,1,
148,sel310,152734,q1c,N,1,
155,sel310,152856,q1c,N,1,
162,sel310,152978,q1c,N,1,
169,sel310,153099,q1c,N,1,
176,sel310,153221,q1c,N,1,
183,sel310,154070,q1c,N,1,
190,sel310,154191,q1c,N,1,
197,sel310,154311,q1c,N,1,
204,sel310,154430,q1c,N,1,
4,sel32,150358,q1c,N,2,
13,sel32,150544,q1c,N,2,
22,sel32,150726,q1c,N,2,
31,sel32,150908,q1c,N,2,
40,sel32,151091,q1c,N,2,
49,sel32,151275,q1c,N,2,
58,sel32,151459,q1c,N,2,
67,sel32,151645,q1c,N,2,
76,sel32,151831,q1c,N,2,
85,sel32,152016,q1c,N,2,
94,sel32,152201,q1c,N,2,
103,sel32,152386,q1c,N,2,
112,sel32,152569,q1c,N,2,
121,sel32,152750,q1c,N,2,
130,sel32,152933,q1c,N,2,
139,sel32,153114,q1c,N,2,
148,sel32,153291,q1c,N,2,
157,sel32,153471,q1c,N,2,
166,sel32,153651,q1c,N,2,
175,sel32,153830,q1c,N,2,
184,sel32,154008,q1c,N,2,
193,sel32,154188,q1c,N,2,
202,sel32,154366,q1c,N,2,
211,sel32,154546,q1c,N,2,
220,sel32,154726,q1c,N,2,
229,sel32,154906,q1c,N,2,
238,sel32,155084,q1c,N,2,
247,sel32,155265,q1c,N,2,
256,sel32,155443,q1c,N,2,
265,sel32,155620,q1c,N,2,
4,sel33,150449,q1c,N,1,
13,sel33,150855,q1c,N,1,
22,sel33,151283,q1c,N,1,
31,sel33,151667,q1c,N,1,
40,sel33,152087,q1c,N,1,
49,sel33,152524,q1c,N,1,
58,sel33,152950,q1c,N,1,
67,sel33,153376,q1c,N,1,
76,sel33,153771,q1c,N,1,
85,sel33,154188,q1c,N,1,
94,sel33,154579,q1c,N,1,
103,sel33,155000,q1c,N,1,
112,sel33,155428,q1c,N,1,
121,sel33,155839,q1c,N,1,
130,sel33,156283,q1c,N,1,
139,sel33,156708,q1c,N,1,
148,sel33,157125,q1c,N,1,
157,sel33,157548,q1c,N,1,
166,sel33,157971,q1c,N,1,
175,sel33,158373,q1c,N,1,
184,sel33,158845,q1c,N,1,
193,sel33,159241,q1c,N,1,
202,sel33,159675,q1c,N,1,
211,sel33,160092,q1c,N,1,
220,sel33,160515,q1c,N,1,
229,sel33,160937,q1c,N,1,
238,sel33,161366,q1c,N,1,
247,sel33,161812,q1c,N,1,
256,sel33,162234,q1c,N,1,
265,sel33,162678,q1c,N,1,
4,sel34,150259,q1c,N,1,
13,sel34,150494,q1c,N,1,
22,sel34,150741,q1c,N,1,
31,sel34,150976,q1c,N,1,
40,sel34,151226,q1c,N,1,
49,sel34,151490,q1c,N,1,
58,sel34,151749,q1c,N,1,
67,sel34,152014,q1c,N,1,
76,sel34,152289,q1c,N,1,
85,sel34,152558,q1c,N,1,
94,sel34,152803,q1c,N,1,
103,sel34,153042,q1c,N,1,
112,sel34,153278,q1c,N,1,
121,sel34,153508,q1c,N,1,
130,sel34,153731,q1c,N,1,
139,sel34,153959,q1c,N,1,
148,sel34,154202,q1c,N,1,
157,sel34,154459,q1c,N,1,
166,sel34,154697,q1c,N,1,
175,sel34,154922,q1c,N,1,
184,sel34,155142,q1c,N,1,
193,sel34,155354,q1c,N,1,
202,sel34,155568,q1c,N,1,
211,sel34,155784,q1c,N,1,
220,sel34,156005,q1c,N,1,
229,sel34,156260,q1c,N,1,
238,sel34,156535,q1c,N,1,
247,sel34,156809,q1c,N,1,
256,sel34,157083,q1c,N,1,
265,sel34,157344,q1c,N,1,
1,sel35,150992,q1c,N,1,
4,sel35,151254,q1c,N,1,
7,sel35,151471,q1c,N,1,
10,sel35,151732,q1c,N,1,
13,sel35,151973,q1c,N,1,
16,sel35,152217,q1c,N,1,
19,sel35,152519,q1c,N,1,
22,sel35,152795,q1c,N,1,
25,sel35,153017,q1c,N,1,
28,sel35,153262,q1c,N,1,
31,sel35,153483,q1c,N,1,
34,sel35,153793,q1c,N,1,
37,sel35,154047,q1c,N,1,
40,sel35,154353,q1c,N,1,
43,sel35,154657,q1c,N,1,
46,sel35,154900,q1c,N,1,
49,sel35,155220,q1c,N,1,
52,sel35,155503,q1c,N,1,
55,sel35,155738,q1c,N,1,
58,sel35,156005,q1c,N,1,
61,sel35,156219,q1c,N,1,
64,sel35,156454,q1c,N,1,
67,sel35,156713,q1c,N,1,
70,sel35,156933,q1c,N,1,
73,sel35,157155,q1c,N,1,
76,sel35,157457,q1c,N,1,
79,sel35,157666,q1c,N,1,
82,sel35,157888,q1c,N,1,
85,sel35,158172,q1c,N,1,
88,sel35,158577,q1c,N,1,
91,sel35,192651,q1c,N,3,
20,sel36,150887,q1c,N,4,
1,sel37,150625,q1c,N,2,
4,sel37,150965,q1c,N,2,
7,sel37,151325,q1c,N,2,
16,sel37,154074,q1c,N,2,
91,sel37,173929,q1c,N,2,
94,sel37,176006,q1c,N,2,
97,sel37,176350,q1c,N,2,
100,sel37,176688,q1c,N,2,
103,sel37,177026,q1c,N,2,
106,sel37,177368,q1c,N,2,
109,sel37,177732,q1c,N,2,
112,sel37,178088,q1c,N,2,
115,sel37,180870,q1c,N,2,
118,sel37,181214,q1c,N,2,
121,sel37,181548,q1c,N,2,
124,sel37,181887,q1c,N,2,
127,sel37,182227,q1c,N,2,
130,sel37,182566,q1c,N,2,
133,sel37,182903,q1c,N,2,
136,sel37,183243,q1c,N,2,
139,sel37,183585,q1c,N,2,
142,sel37,183922,q1c,N,2,
145,sel37,184262,q1c,N,2,
148,sel37,184603,q1c,N,2,
4,sel38,150278,q1c,N,1,
13,sel38,150422,q1c,N,1,
22,sel38,150568,q1c,N,1,
31,sel38,150714,q1c,N,1,
40,sel38,150863,q1c,N,1,
49,sel38,151006,q1c,N,1,
58,sel38,151150,q1c,N,1,
67,sel38,151293,q1c,N,1,
76,sel38,151436,q1c,N,1,
85,sel38,151580,q1c,N,1,
94,sel38,151724,q1c,N,1,
103,sel38,151869,q1c,N,1,
112,sel38,152015,q1c,N,1,
121,sel38,152162,q1c,N,1,
130,sel38,152305,q1c,N,1,
139,sel38,152450,q1c,N,1,
148,sel38,152595,q1c,N,1,
157,sel38,152742,q1c,N,1,
166,sel38,152889,q1c,N,1,
175,sel38,153036,q1c,N,1,
184,sel38,153181,q1c,N,1,
193,sel38,153327,q1c,N,1,
202,sel38,153473,q1c,N,1,
211,sel38,153614,q1c,N,1,
220,sel38,153761,q1c,N,1,
229,sel38,153905,q1c,N,1,
238,sel38,154048,q1c,N,1,
247,sel38,154192,q1c,N,1,
256,sel38,154340,q1c,N,1,
265,sel38,154486,q1c,N,1,
4,sel39,150250,q1c,N,1,
13,sel39,150463,q1c,N,1,
22,sel39,150643,q1c,N,1,
31,sel39,150854,q1c,N,1,
40,sel39,151027,q1c,N,1,
49,sel39,151798,q1c,N,1,
58,sel39,152006,q1c,N,1,
67,sel39,152180,q1c,N,1,
76,sel39,152392,q1c,N,1,
85,sel39,152568,q1c,N,1,
94,sel39,152775,q1c,N,1,
103,sel39,152953,q1c,N,1,
112,sel39,153165,q1c,N,1,
121,sel39,153343,q1c,N,1,
130,sel39,153554,q1c,N,1,
139,sel39,153730,q1c,N,1,
148,sel39,153938,q1c,N,1,
157,sel39,154117,q1c,N,1,
166,sel39,154321,q1c,N,1,
175,sel39,154497,q1c,N,1,
184,sel39,154702,q1c,N,1,
193,sel39,154881,q1c,N,1,
202,sel39,155088,q1c,N,1,
211,sel39,155259,q1c,N,1,
220,sel39,155469,q1c,N,1,
229,sel39,155642,q1c,N,1,
238,sel39,155848,q1c,N,1,
247,sel39,156025,q1c,N,1,
256,sel39,156232,q1c,N,1,
265,sel39,156412,q1c,N,1,
4,sel40,150321,q1c,N,1,
13,sel40,150535,q1c,N,1,
22,sel40,150750,q1c,N,1,
31,sel40,150965,q1c,N,1,
40,sel40,151186,q1c,N,1,
49,sel40,151388,q1c,N,1,
58,sel40,151600,q1c,N,1,
67,sel40,151826,q1c,N,1,
76,sel40,152039,q1c,N,1,
85,sel40,152247,q1c,N,1,
94,sel40,152464,q1c,N,1,
103,sel40,152678,q1c,N,1,
112,sel40,152892,q1c,N,1,
121,sel40,153106,q1c,N,1,
130,sel40,153326,q1c,N,1,
139,sel40,153543,q1c,N,1,
148,sel40,153745,q1c,N,1,
157,sel40,153959,q1c,N,1,
166,sel40,154185,q1c,N,1,
175,sel40,154395,q1c,N,1,
184,sel40,154602,q1c,N,1,
193,sel40,154815,q1c,N,1,
202,sel40,155028,q1c,N,1,
211,sel40,155243,q1c,N,1,
220,sel40,155457,q1c,N,1,
229,sel40,155675,q1c,N,1,
238,sel40,155890,q1c,N,1,
247,sel40,156090,q1c,N,1,
256,sel40,156306,q1c,N,1,
265,sel40,156532,q1c,N,1,
4,sel41,150281,q1c,N,1,
13,sel41,150447,q1c,N,1,
22,sel41,150615,q1c,N,1,
31,sel41,150781,q1c,N,1,
40,sel41,150948,q1c,N,1,
49,sel41,151113,q1c,N,1,
58,sel41,151282,q1c,N,1,
67,sel41,151447,q1c,N,1,
76,sel41,151613,q1c,N,1,
85,sel41,151779,q1c,N,1,
94,sel41,151946,q1c,N,1,
103,sel41,152114,q1c,N,1,
112,sel41,152281,q1c,N,1,
121,sel41,152447,q1c,N,1,
130,sel41,152613,q1c,N,1,
139,sel41,152780,q1c,N,1,
148,sel41,152946,q1c,N,1,
157,sel41,153113,q1c,N,1,
166,sel41,153280,q1c,N,1,
175,sel41,153447,q1c,N,1,
184,sel41,153614,q1c,N,1,
193,sel41,153779,q1c,N,1,
202,sel41,153944,q1c,N,1,
211,sel41,154110,q1c,N,1,
220,sel41,154277,q1c,N,1,
229,sel41,154442,q1c,N,1,
238,sel41,154608,q1c,N,1,
247,sel41,154774,q1c,N,1,
256,sel41,154939,q1c,N,1,
265,sel41,155103,q1c,N,1,
4,sel42,150185,q1c,N,1,
13,sel42,150359,q1c,N,1,
22,sel42,150534,q1c,N,1,
31,sel42,150703,q1c,N,1,
40,sel42,150874,q1c,N,1,
49,sel42,151046,q1c,N,1,
58,sel42,151217,q1c,N,1,
67,sel42,151393,q1c,N,1,
76,sel42,151569,q1c,N,1,
85,sel42,151750,q1c,N,1,
94,sel42,151928,q1c,N,1,
103,sel42,152114,q1c,N,1,
112,sel42,152304,q1c,N,1,
121,sel42,152495,q1c,N,1,
130,sel42,152686,q1c,N,1,
139,sel42,152880,q1c,N,1,
148,sel42,153075,q1c,N,1,
157,sel42,153267,q1c,N,1,
166,sel42,153458,q1c,N,1,
175,sel42,153649,q1c,N,1,
184,sel42,153835,q1c,N,1,
193,sel42,154016,q1c,N,1,
202,sel42,154195,q1c,N,1,
211,sel42,154376,q1c,N,1,
220,sel42,154556,q1c,N,1,
229,sel42,154736,q1c,N,1,
238,sel42,154917,q1c,N,1,
247,sel42,155098,q1c,N,1,
256,sel42,155281,q1c,N,1,
265,sel42,155465,q1c,N,1,
4,sel43,150299,q1c,N,1,
13,sel43,150459,q1c,N,1,
22,sel43,150618,q1c,N,1,
31,sel43,150776,q1c,N,1,
40,sel43,150934,q1c,N,1,
49,sel43,151089,q1c,N,1,
58,sel43,151247,q1c,N,1,
67,sel43,151405,q1c,N,1,
76,sel43,151562,q1c,N,1,
85,sel43,151719,q1c,N,1,
94,sel43,151875,q1c,N,1,
103,sel43,152032,q1c,N,1,
112,sel43,152189,q1c,N,1,
121,sel43,152348,q1c,N,1,
130,sel43,152508,q1c,N,1,
139,sel43,152666,q1c,N,1,
148,sel43,152823,q1c,N,1,
157,sel43,152980,q1c,N,1,
166,sel43,153137,q1c,N,1,
175,sel43,153294,q1c,N,1,
184,sel43,153452,q1c,N,1,
193,sel43,153609,q1c,N,1,
202,sel43,153766,q1c,N,1,
211,sel43,153922,q1c,N,1,
220,sel43,154078,q1c,N,1,
229,sel43,154234,q1c,N,1,
238,sel43,154390,q1c,N,1,
247,sel43,154546,q1c,N,1,
256,sel43,154703,q1c,N,1,
265,sel43,154864,q1c,N,1,
4,sel44,150228,q1c,N,1,
13,sel44,150396,q1c,N,1,
27,sel44,151252,q1c,N,1,
36,sel44,151421,q1c,N,1,
50,sel44,151765,q1c,N,1,
59,sel44,151936,q1c,N,1,
68,sel44,152104,q1c,N,1,
82,sel44,152444,q1c,N,1,
91,sel44,152619,q1c,N,1,
100,sel44,152788,q1c,N,1,
114,sel44,153121,q1c,N,1,
123,sel44,153293,q1c,N,1,
132,sel44,153463,q1c,N,1,
146,sel44,154307,q1c,N,1,
155,sel44,154473,q1c,N,1,
169,sel44,154807,q1c,N,1,
178,sel44,154979,q1c,N,1,
187,sel44,155146,q1c,N,1,
201,sel44,155476,q1c,N,1,
210,sel44,155648,q1c,N,1,
219,sel44,155815,q1c,N,1,
233,sel44,156143,q1c,N,1,
4,sel45,150295,q1c,N,1,
15,sel45,150525,q1c,N,1,
26,sel45,150755,q1c,N,1,
37,sel45,150982,q1c,N,1,
48,sel45,151206,q1c,N,1,
59,sel45,151441,q1c,N,1,
70,sel45,151667,q1c,N,1,
81,sel45,151891,q1c,N,1,
92,sel45,152120,q1c,N,1,
103,sel45,152347,q1c,N,1,
114,sel45,152574,q1c,N,1,
125,sel45,152799,q1c,N,1,
136,sel45,153030,q1c,N,1,
147,sel45,153255,q1c,N,1,
158,sel45,153479,q1c,N,1,
169,sel45,153711,q1c,N,1,
180,sel45,153941,q1c,N,1,
191,sel45,154167,q1c,N,1,
202,sel45,154394,q1c,N,1,
213,sel45,154621,q1c,N,1,
224,sel45,154847,q1c,N,1,
235,sel45,155074,q1c,N,1,
246,sel45,155309,q1c,N,1,
257,sel45,155536,q1c,N,1,
268,sel45,155764,q1c,N,1,
279,sel45,155999,q1c,N,1,
290,sel45,156230,q1c,N,1,
301,sel45,156458,q1c,N,1,
312,sel45,156691,q1c,N,1,
323,sel45,156915,q1c,N,1,
4,sel46,150512,q1c,N,1,
13,sel46,150805,q1c,N,1,
22,sel46,151092,q1c,N,1,
31,sel46,151388,q1c,N,1,
40,sel46,151683,q1c,N,1,
49,sel46,152686,q1c,N,1,
58,sel46,152958,q1c,N,1,
67,sel46,153236,q1c,N,1,
76,sel46,153510,q1c,N,1,
85,sel46,153807,q1c,N,1,
94,sel46,154100,q1c,N,1,
103,sel46,154374,q1c,N,1,
112,sel46,154674,q1c,N,1,
121,sel46,157670,q1c,N,1,
130,sel46,157966,q1c,N,1,
139,sel46,158996,q1c,N,1,
148,sel46,159286,q1c,N,1,
157,sel46,159567,q1c,N,1,
166,sel46,159869,q1c,N,1,
172,sel46,162573,q1c,N,0,
181,sel46,163591,q1c,N,1,
190,sel46,163886,q1c,N,1,
199,sel46,164177,q1c,N,1,
208,sel46,164469,q1c,N,1,
217,sel46,164739,q1c,N,1,
226,sel46,165035,q1c,N,1,
235,sel46,165334,q1c,N,1,
244,sel46,165604,q1c,N,1,
253,sel46,165890,q1c,N,1,
262,sel46,166210,q1c,N,1,
4,sel47,150435,q1c,N,1,
16,sel47,150692,q1c,N,1,
28,sel47,150954,q1c,N,1,
40,sel47,151215,q1c,N,1,
52,sel47,151476,q1c,N,1,
64,sel47,151732,q1c,N,1,
76,sel47,151995,q1c,N,1,
88,sel47,152256,q1c,N,1,
100,sel47,152515,q1c,N,1,
112,sel47,152768,q1c,N,1,
124,sel47,153031,q1c,N,1,
136,sel47,153294,q1c,N,1,
148,sel47,153557,q1c,N,1,
160,sel47,153814,q1c,N,1,
172,sel47,154076,q1c,N,1,
184,sel47,154340,q1c,N,1,
196,sel47,154605,q1c,N,1,
208,sel47,154861,q1c,N,1,
220,sel47,155121,q1c,N,1,
232,sel47,155382,q1c,N,1,
244,sel47,155634,q1c,N,1,
256,sel47,155893,q1c,N,1,
268,sel47,156153,q1c,N,1,
280,sel47,156418,q1c,N,1,
292,sel47,156670,q1c,N,1,
304,sel47,156932,q1c,N,1,
316,sel47,157191,q1c,N,1,
328,sel47,157448,q1c,N,1,
340,sel47,157703,q1c,N,1,
352,sel47,157961,q1c,N,1,
4,sel48,150172,q1c,N,1,
13,sel48,150328,q1c,N,1,
22,sel48,150484,q1c,N,1,
31,sel48,150641,q1c,N,1,
40,sel48,150799,q1c,N,1,
49,sel48,150954,q1c,N,1,
58,sel48,151111,q1c,N,1,
67,sel48,151267,q1c,N,1,
76,sel48,151422,q1c,N,1,
85,sel48,151577,q1c,N,1,
94,sel48,151733,q1c,N,1,
103,sel48,151889,q1c,N,1,
112,sel48,152046,q1c,N,1,
121,sel48,152201,q1c,N,1,
130,sel48,152359,q1c,N,1,
139,sel48,152513,q1c,N,1,
148,sel48,152667,q1c,N,1,
157,sel48,152822,q1c,N,1,
166,sel48,152976,q1c,N,1,
175,sel48,153134,q1c,N,1,
184,sel48,153290,q1c,N,1,
193,sel48,153447,q1c,N,1,
202,sel48,153605,q1c,N,1,
211,sel48,153762,q1c,N,1,
220,sel48,153920,q1c,N,1,
229,sel48,154079,q1c,N,1,
238,sel48,154239,q1c,N,1,
247,sel48,154399,q1c,N,1,
256,sel48,154559,q1c,N,1,
265,sel48,154720,q1c,N,1,
4,sel49,150297,q1c,N,1,
13,sel49,150570,q1c,N,1,
22,sel49,150841,q1c,N,1,
31,sel49,151111,q1c,N,1,
40,sel49,151384,q1c,N,1,
49,sel49,151657,q1c,N,1,
58,sel49,151930,q1c,N,1,
67,sel49,152203,q1c,N,1,
76,sel49,152475,q1c,N,1,
85,sel49,152747,q1c,N,1,
94,sel49,153016,q1c,N,1,
103,sel49,153286,q1c,N,1,
112,sel49,153557,q1c,N,1,
121,sel49,153830,q1c,N,1,
130,sel49,154100,q1c,N,1,
139,sel49,154371,q1c,N,1,
148,sel49,154642,q1c,N,1,
157,sel49,154914,q1c,N,1,
166,sel49,155186,q1c,N,1,
175,sel49,155457,q1c,N,1,
184,sel49,155727,q1c,N,1,
193,sel49,155998,q1c,N,1,
202,sel49,156268,q1c,N,1,
211,sel49,156538,q1c,N,1,
220,sel49,156807,q1c,N,1,
229,sel49,157075,q1c,N,1,
238,sel49,158144,q1c,N,1,
247,sel49,158410,q1c,N,1,
256,sel49,158673,q1c,N,1,
265,sel49,158936,q1c,N,1,
1,sel50,150613,q1c,N,1,
9,sel50,150955,q1c,N,1,
17,sel50,151299,q1c,N,1,
25,sel50,151536,q1c,N,1,
33,sel50,151862,q1c,N,1,
41,sel50,152179,q1c,N,1,
49,sel50,152525,q1c,N,1,
57,sel50,152782,q1c,N,1,
65,sel50,153145,q1c,N,1,
73,sel50,153616,q1c,N,1,
81,sel50,154037,q1c,N,1,
89,sel50,154522,q1c,N,1,
97,sel50,154992,q1c,N,1,
105,sel50,155485,q1c,N,1,
113,sel50,155874,q1c,N,1,
121,sel50,156099,q1c,N,1,
129,sel50,156393,q1c,N,1,
137,sel50,156625,q1c,N,1,
145,sel50,157045,q1c,N,1,
153,sel50,157440,q1c,N,1,
161,sel50,157801,q1c,N,1,
169,sel50,158262,q1c,N,1,
177,sel50,158572,q1c,N,1,
185,sel50,159060,q1c,N,1,
193,sel50,159509,q1c,N,1,
201,sel50,159891,q1c,N,1,
209,sel50,160184,q1c,N,1,
217,sel50,160506,q1c,N,1,
225,sel50,160820,q1c,N,1,
233,sel50,161016,q1c,N,1,
247,sel50,221637,q1c,N,3,
4,sel51,150510,q1c,N,1,
13,sel51,150814,q1c,N,1,
22,sel51,151119,q1c,N,1,
31,sel51,151420,q1c,N,1,
40,sel51,151719,q1c,N,1,
49,sel51,152023,q1c,N,1,
58,sel51,152328,q1c,N,1,
67,sel51,152626,q1c,N,1,
76,sel51,152923,q1c,N,1,
85,sel51,153207,q1c,N,1,
94,sel51,153499,q1c,N,1,
103,sel51,153809,q1c,N,1,
112,sel51,154114,q1c,N,1,
121,sel51,154421,q1c,N,1,
130,sel51,154729,q1c,N,1,
139,sel51,155028,q1c,N,1,
148,sel51,155332,q1c,N,1,
157,sel51,155639,q1c,N,1,
166,sel51,155943,q1c,N,1,
175,sel51,156240,q1c,N,1,
184,sel51,156523,q1c,N,1,
193,sel51,156824,q1c,N,1,
202,sel51,157130,q1c,N,1,
211,sel51,157432,q1c,N,1,
220,sel51,157738,q1c,N,1,
229,sel51,158045,q1c,N,1,
238,sel51,158347,q1c,N,1,
247,sel51,158650,q1c,N,1,
256,sel51,158953,q1c,N,1,
265,sel51,159261,q1c,N,1,
4,sel52,150314,q1c,N,1,
13,sel52,150472,q1c,N,1,
22,sel52,150632,q1c,N,1,
31,sel52,150791,q1c,N,1,
40,sel52,150949,q1c,N,1,
49,sel52,151107,q1c,N,1,
58,sel52,151267,q1c,N,1,
67,sel52,151424,q1c,N,1,
76,sel52,151581,q1c,N,1,
85,sel52,151739,q1c,N,1,
94,sel52,151899,q1c,N,1,
103,sel52,152058,q1c,N,1,
112,sel52,152215,q1c,N,1,
121,sel52,152370,q1c,N,1,
130,sel52,152529,q1c,N,1,
139,sel52,152684,q1c,N,1,
148,sel52,152843,q1c,N,1,
157,sel52,153000,q1c,N,1,
166,sel52,153154,q1c,N,1,
175,sel52,153311,q1c,N,1,
184,sel52,153468,q1c,N,1,
193,sel52,153627,q1c,N,1,
202,sel52,153786,q1c,N,1,
211,sel52,153941,q1c,N,1,
220,sel52,154100,q1c,N,1,
229,sel52,154259,q1c,N,1,
238,sel52,154416,q1c,N,1,
247,sel52,154573,q1c,N,1,
256,sel52,154729,q1c,N,1,
265,sel52,154884,q1c,N,1,
4,sel803,150218,q1c,N,1,
12,sel803,150434,q1c,N,1,
20,sel803,150654,q1c,N,1,
28,sel803,150878,q1c,N,1,
36,sel803,151101,q1c,N,1,
44,sel803,151320,q1c,N,1,
52,sel803,151537,q1c,N,1,
60,sel803,151760,q1c,N,1,
68,sel803,151985,q1c,N,1,
76,sel803,152208,q1c,N,1,
84,sel803,152430,q1c,N,1,
92,sel803,152655,q1c,N,1,
100,sel803,152885,q1c,N,1,
108,sel803,153116,q1c,N,1,
116,sel803,153342,q1c,N,1,
124,sel803,153567,q1c,N,1,
132,sel803,153798,q1c,N,1,
140,sel803,154026,q1c,N,1,
148,sel803,154925,q1c,N,1,
156,sel803,155147,q1c,N,1,
164,sel803,155368,q1c,N,1,
172,sel803,155584,q1c,N,1,
180,sel803,155802,q1c,N,1,
188,sel803,156025,q1c,N,1,
196,sel803,156249,q1c,N,1,
204,sel803,156476,q1c,N,1,
212,sel803,156697,q1c,N,1,
220,sel803,157581,q1c,N,1,
228,sel803,157798,q1c,N,1,
236,sel803,158014,q1c,N,1,
4,sel808,150283,q1c,N,1,
14,sel808,150533,q1c,N,1,
24,sel808,150785,q1c,N,1,
34,sel808,151033,q1c,N,1,
44,sel808,151279,q1c,N,1,
54,sel808,151525,q1c,N,1,
64,sel808,151771,q1c,N,1,
74,sel808,152011,q1c,N,1,
84,sel808,152256,q1c,N,1,
94,sel808,152501,q1c,N,1,
104,sel808,152748,q1c,N,1,
114,sel808,153000,q1c,N,1,
124,sel808,153252,q1c,N,1,
134,sel808,153507,q1c,N,1,
144,sel808,153767,q1c,N,1,
154,sel808,154033,q1c,N,1,
164,sel808,154298,q1c,N,1,
174,sel808,154566,q1c,N,1,
184,sel808,154830,q1c,N,1,
194,sel808,155093,q1c,N,1,
204,sel808,155353,q1c,N,1,
214,sel808,155617,q1c,N,1,
224,sel808,155875,q1c,N,1,
234,sel808,156136,q1c,N,1,
244,sel808,156401,q1c,N,1,
254,sel808,156668,q1c,N,1,
264,sel808,156934,q1c,N,1,
274,sel808,157197,q1c,N,1,
284,sel808,157468,q1c,N,1,
294,sel808,157738,q1c,N,1,
4,sel811,150334,q1c,N,1,
12,sel811,150645,q1c,N,1,
20,sel811,150961,q1c,N,1,
28,sel811,151273,q1c,N,1,
36,sel811,151589,q1c,N,1,
44,sel811,151916,q1c,N,1,
52,sel811,152237,q1c,N,1,
60,sel811,152545,q1c,N,1,
68,sel811,152857,q1c,N,1,
76,sel811,153176,q1c,N,1,
84,sel811,153480,q1c,N,1,
92,sel811,153794,q1c,N,1,
100,sel811,154115,q1c,N,1,
108,sel811,154424,q1c,N,1,
116,sel811,154760,q1c,N,1,
124,sel811,155091,q1c,N,1,
132,sel811,155407,q1c,N,1,
140,sel811,155721,q1c,N,1,
148,sel811,156037,q1c,N,1,
156,sel811,156335,q1c,N,1,
164,sel811,156656,q1c,N,1,
172,sel811,156978,q1c,N,1,
180,sel811,157288,q1c,N,1,
188,sel811,157613,q1c,N,1,
196,sel811,157943,q1c,N,0,
204,sel811,158258,q1c,N,1,
212,sel811,158583,q1c,N,1,
220,sel811,158905,q1c,N,1,
228,sel811,159225,q1c,N,1,
236,sel811,159546,q1c,N,1,
4,sel820,150270,q1c,N,1,
12,sel820,150461,q1c,N,1,
20,sel820,150651,q1c,N,1,
28,sel820,150845,q1c,N,1,
36,sel820,151045,q1c,N,1,
44,sel820,151242,q1c,N,1,
52,sel820,152000,q1c,N,1,
60,sel820,152193,q1c,N,1,
68,sel820,152386,q1c,N,1,
76,sel820,152578,q1c,N,1,
84,sel820,152778,q1c,N,1,
92,sel820,152975,q1c,N,1,
100,sel820,153170,q1c,N,1,
108,sel820,153365,q1c,N,1,
116,sel820,154128,q1c,N,1,
124,sel820,154323,q1c,N,1,
132,sel820,154522,q1c,N,1,
140,sel820,154720,q1c,N,1,
148,sel820,155480,q1c,N,1,
156,sel820,155673,q1c,N,1,
164,sel820,155865,q1c,N,1,
172,sel820,156056,q1c,N,1,
180,sel820,156248,q1c,N,1,
188,sel820,156442,q1c,N,1,
196,sel820,157180,q1c,N,1,
204,sel820,157372,q1c,N,1,
212,sel820,157562,q1c,N,1,
220,sel820,157752,q1c,N,1,
228,sel820,157945,q1c,N,1,
236,sel820,158144,q1c,N,1,
4,sel821,150207,q1c,N,1,
13,sel821,150350,q1c,N,1,
22,sel821,150496,q1c,N,1,
28,sel821,150606,q1c,N,1,
37,sel821,150779,q1c,N,1,
46,sel821,150926,q1c,N,1,
55,sel821,151053,q1c,N,1,
64,sel821,151215,q1c,N,1,
73,sel821,151361,q1c,N,1,
82,sel821,151505,q1c,N,1,
91,sel821,151625,q1c,N,1,
100,sel821,151792,q1c,N,1,
109,sel821,151935,q1c,N,1,
118,sel821,152081,q1c,N,1,
127,sel821,152205,q1c,N,1,
136,sel821,152367,q1c,N,1,
142,sel821,152473,q1c,N,1,
151,sel821,152648,q1c,N,1,
160,sel821,152800,q1c,N,1,
169,sel821,152912,q1c,N,1,
178,sel821,153085,q1c,N,1,
187,sel821,153228,q1c,N,1,
196,sel821,153373,q1c,N,1,
205,sel821,153516,q1c,N,1,
214,sel821,153659,q1c,N,1,
223,sel821,153778,q1c,N,1,
232,sel821,153944,q1c,N,1,
241,sel821,154090,q1c,N,1,
247,sel821,154204,q1c,N,1,
253,sel821,154334,q1c,N,1,
4,sel840,150289,q1c,N,1,
13,sel840,150490,q1c,N,1,
19,sel840,150700,q1c,N,1,
28,sel840,150894,q1c,N,1,
37,sel840,151079,q1c,N,1,
46,sel840,151268,q1c,N,1,
55,sel840,151492,q1c,N,1,
64,sel840,151700,q1c,N,2,
73,sel840,151895,q1c,N,1,
82,sel840,152086,q1c,N,1,
91,sel840,152280,q1c,N,1,
100,sel840,152474,q1c,N,1,
109,sel840,152664,q1c,N,1,
118,sel840,152854,q1c,N,1,
127,sel840,153043,q1c,N,1,
136,sel840,153236,q1c,N,1,
145,sel840,153427,q1c,N,2,
154,sel840,153616,q1c,N,1,
160,sel840,153805,q1c,N,1,
169,sel840,153995,q1c,N,1,
175,sel840,154187,q1c,N,1,
184,sel840,154378,q1c,N,1,
190,sel840,154573,q1c,N,1,
196,sel840,154770,q1c,N,1,
202,sel840,154967,q1c,N,1,
211,sel840,155162,q1c,N,1,
220,sel840,155367,q1c,N,1,
229,sel840,155568,q1c,N,1,
238,sel840,155756,q1c,N,1,
247,sel840,155965,q1c,N,1,
253,sel840,156162,q1c,N,1,
259,sel840,156363,q1c,N,1,
265,sel840,158319,q1c,N,2,
274,sel840,158513,q1c,N,2,
283,sel840,158707,q1c,N,2,
292,sel840,159097,q1c,N,2,
298,sel840,163701,q1c,N,2,
304,sel840,164086,q1c,N,2,
310,sel840,164843,q1c,N,2,
316,sel840,165035,q1c,N,2,
322,sel840,165222,q1c,N,2,
328,sel840,165413,q1c,N,2,
337,sel840,165980,q1c,N,2,
346,sel840,166730,q1c,N,2,
352,sel840,167492,q1c,N,2,
361,sel840,168070,q1c,N,2,
370,sel840,168459,q1c,N,2,
379,sel840,168838,q1c,N,2,
385,sel840,169230,q1c,N,2,
391,sel840,169614,q1c,N,2,
400,sel840,175767,q1c,N,3,
406,sel840,176177,q1c,N,3,
415,sel840,176594,q1c,N,3,
424,sel840,177011,q1c,N,3,
433,sel840,177647,q1c,N,3,
442,sel840,178065,q1c,N,3,
451,sel840,178264,q1c,N,3,
457,sel840,178486,q1c,N,3,
463,sel840,179320,q1c,N,3,
472,sel840,179725,q1c,N,3,
481,sel840,180114,q1c,N,3,
490,sel840,180523,q1c,N,3,
499,sel840,181157,q1c,N,3,
505,sel840,181372,q1c,N,3,
511,sel840,182190,q1c,N,3,
520,sel840,182605,q1c,N,3,
529,sel840,182809,q1c,N,3,
538,sel840,183621,q1c,N,3,
547,sel840,183817,q1c,N,3,
556,sel840,184803,q1c,N,3,
4,sel847,150294,q1c,N,1,
12,sel847,150595,q1c,N,1,
20,sel847,150899,q1c,N,1,
28,sel847,151195,q1c,N,1,
36,sel847,151498,q1c,N,1,
44,sel847,151794,q1c,N,1,
52,sel847,152085,q1c,N,1,
60,sel847,152383,q1c,N,1,
68,sel847,152677,q1c,N,1,
76,sel847,152966,q1c,N,1,
84,sel847,153261,q1c,N,1,
92,sel847,154326,q1c,N,1,
100,sel847,154617,q1c,N,1,
108,sel847,154904,q1c,N,1,
116,sel847,155183,q1c,N,1,
124,sel847,155468,q1c,N,1,
132,sel847,155760,q1c,N,1,
140,sel847,156037,q1c,N,1,
148,sel847,156308,q1c,N,1,
156,sel847,156584,q1c,N,1,
164,sel847,157650,q1c,N,1,
172,sel847,157931,q1c,N,1,
180,sel847,158216,q1c,N,1,
188,sel847,158496,q1c,N,1,
196,sel847,158798,q1c,N,1,
204,sel847,159101,q1c,N,1,
212,sel847,159402,q1c,N,1,
220,sel847,159709,q1c,N,1,
228,sel847,160009,q1c,N,1,
236,sel847,160309,q1c,N,1,
244,sel847,197087,q1c,N,2,
252,sel847,212458,q1c,N,2,
260,sel847,212742,q1c,N,2,
4,sel853,150287,q1c,N,1,
12,sel853,150490,q1c,N,1,
20,sel853,150693,q1c,N,1,
28,sel853,150894,q1c,N,1,
36,sel853,151096,q1c,N,1,
44,sel853,151299,q1c,N,1,
52,sel853,151507,q1c,N,1,
60,sel853,151703,q1c,N,1,
68,sel853,151903,q1c,N,1,
76,sel853,152106,q1c,N,1,
84,sel853,152312,q1c,N,1,
92,sel853,152519,q1c,N,1,
100,sel853,152723,q1c,N,1,
108,sel853,152927,q1c,N,1,
116,sel853,153132,q1c,N,1,
124,sel853,153331,q1c,N,1,
132,sel853,153533,q1c,N,1,
140,sel853,153733,q1c,N,1,
148,sel853,153937,q1c,N,1,
156,sel853,154144,q1c,N,1,
164,sel853,154348,q1c,N,1,
172,sel853,154552,q1c,N,1,
180,sel853,154747,q1c,N,1,
188,sel853,154951,q1c,N,1,
196,sel853,155155,q1c,N,1,
204,sel853,155358,q1c,N,1,
212,sel853,155561,q1c,N,1,
220,sel853,155770,q1c,N,1,
228,sel853,155978,q1c,N,1,
236,sel853,156177,q1c,N,1,
4,sel871,150452,q1c,N,2,
12,sel871,150698,q1c,N,4,
20,sel871,150940,q1c,N,2,
28,sel871,151176,q1c,N,4,
36,sel871,151417,q1c,N,2,
44,sel871,151660,q1c,N,2,
52,sel871,151898,q1c,N,4,
60,sel871,152141,q1c,N,4,
68,sel871,152388,q1c,N,2,
76,sel871,152633,q1c,N,2,
84,sel871,152876,q1c,N,4,
92,sel871,153118,q1c,N,4,
100,sel871,153362,q1c,N,2,
108,sel871,153617,q1c,N,2,
116,sel871,153873,q1c,N,2,
124,sel871,154133,q1c,N,4,
132,sel871,154390,q1c,N,4,
140,sel871,154645,q1c,N,2,
148,sel871,154895,q1c,N,2,
156,sel871,155145,q1c,N,2,
164,sel871,155394,q1c,N,2,
172,sel871,155643,q1c,N,2,
180,sel871,155891,q1c,N,2,
188,sel871,156140,q1c,N,4,
196,sel871,156394,q1c,N,2,
204,sel871,156642,q1c,N,4,
212,sel871,156891,q1c,N,4,
220,sel871,157137,q1c,N,2,
228,sel871,158102,q1c,N,2,
236,sel871,158332,q1c,N,4,
244,sel871,158564,q1c,N,4,
252,sel871,158804,q1c,N,2,
260,sel871,159038,q1c,N,2,
268,sel871,159270,q1c,N,4,
276,sel871,159503,q1c,N,4,
284,sel871,159743,q1c,N,2,
292,sel871,159981,q1c,N,2,
300,sel871,160218,q1c,N,2,
308,sel871,160446,q1c,N,4,
316,sel871,160682,q1c,N,2,
324,sel871,160925,q1c,N,4,
332,sel871,161167,q1c,N,2,
340,sel871,161402,q1c,N,2,
348,sel871,161641,q1c,N,2,
356,sel871,161875,q1c,N,2,
364,sel871,162113,q1c,N,4,
372,sel871,162365,q1c,N,2,
380,sel871,162627,q1c,N,2,
388,sel871,163170,q1c,N,4,
396,sel871,163717,q1c,N,1,
404,sel871,164707,q1c,N,4,
412,sel871,177828,q1c,N,1,
420,sel871,178736,q1c,N,1,
428,sel871,182087,q1c,N,1,
436,sel871,188458,q1c,N,1,
444,sel871,189255,q1c,N,1,
452,sel871,189797,q1c,N,1,
460,sel871,190650,q1c,N,1,
468,sel871,192534,q1c,N,1,
476,sel871,193401,q1c,N,1,
484,sel871,193689,q1c,N,1,
492,sel871,193979,q1c,N,1,
500,sel871,201213,q1c,N,1,
508,sel871,205663,q1c,N,1,
516,sel871,208538,q1c,N,1,
524,sel871,210973,q1c,N,1,
532,sel871,212842,q1c,N,1,
540,sel871,213746,q1c,N,1,
548,sel871,214647,q1c,N,1,
556,sel871,214959,q1c,N,1,
4,sel872,150260,q1c,N,1,
12,sel872,150492,q1c,N,1,
20,sel872,150727,q1c,N,1,
28,sel872,150955,q1c,N,1,
36,sel872,151179,q1c,N,1,
44,sel872,151406,q1c,N,1,
52,sel872,151634,q1c,N,1,
60,sel872,151867,q1c,N,1,
68,sel872,152092,q1c,N,1,
76,sel872,152317,q1c,N,1,
84,sel872,152549,q1c,N,1,
92,sel872,152786,q1c,N,1,
100,sel872,153023,q1c,N,1,
108,sel872,153252,q1c,N,1,
116,sel872,153478,q1c,N,1,
124,sel872,153709,q1c,N,1,
132,sel872,153944,q1c,N,1,
140,sel872,154178,q1c,N,1,
148,sel872,154403,q1c,N,1,
156,sel872,154632,q1c,N,1,
164,sel872,154866,q1c,N,1,
172,sel872,155095,q1c,N,1,
180,sel872,155320,q1c,N,1,
188,sel872,155545,q1c,N,1,
196,sel872,155773,q1c,N,1,
204,sel872,156001,q1c,N,1,
212,sel872,156226,q1c,N,1,
220,sel872,156450,q1c,N,1,
228,sel872,156676,q1c,N,1,
236,sel872,156915,q1c,N,1,
4,sel873,150298,q1c,N,1,
12,sel873,150570,q1c,N,1,
20,sel873,150856,q1c,N,1,
28,sel873,151129,q1c,N,1,
36,sel873,151396,q1c,N,1,
44,sel873,151677,q1c,N,1,
52,sel873,151949,q1c,N,1,
60,sel873,152216,q1c,N,1,
68,sel873,152489,q1c,N,1,
76,sel873,152763,q1c,N,1,
84,sel873,153029,q1c,N,1,
92,sel873,153303,q1c,N,1,
100,sel873,153579,q1c,N,1,
108,sel873,153851,q1c,N,1,
116,sel873,154117,q1c,N,1,
124,sel873,154391,q1c,N,1,
132,sel873,154663,q1c,N,1,
140,sel873,154933,q1c,N,1,
148,sel873,155200,q1c,N,1,
156,sel873,155468,q1c,N,1,
164,sel873,155736,q1c,N,1,
172,sel873,156000,q1c,N,1,
180,sel873,156265,q1c,N,1,
188,sel873,156532,q1c,N,1,
196,sel873,156803,q1c,N,1,
204,sel873,157072,q1c,N,1,
212,sel873,157339,q1c,N,1,
220,sel873,158394,q1c,N,1,
228,sel873,158668,q1c,N,1,
236,sel873,158943,q1c,N,1,
244,sel873,214147,q1c,N,0,
252,sel873,214985,q1c,N,2,
260,sel873,220296,q1c,N,2,
4,sel883,150468,q1c,N,1,
12,sel883,150724,q1c,N,1,
20,sel883,150980,q1c,N,1,
28,sel883,151234,q1c,N,1,
36,sel883,151492,q1c,N,1,
44,sel883,151740,q1c,N,1,
52,sel883,151996,q1c,N,1,
60,sel883,152249,q1c,N,1,
68,sel883,152502,q1c,N,1,
76,sel883,152759,q1c,N,1,
84,sel883,153011,q1c,N,1,
92,sel883,153267,q1c,N,1,
100,sel883,153527,q1c,N,1,
108,sel883,153789,q1c,N,1,
116,sel883,154050,q1c,N,1,
124,sel883,154307,q1c,N,1,
132,sel883,154566,q1c,N,1,
140,sel883,154820,q1c,N,1,
148,sel883,155082,q1c,N,1,
156,sel883,155341,q1c,N,1,
164,sel883,155595,q1c,N,1,
172,sel883,155851,q1c,N,1,
180,sel883,156101,q1c,N,1,
188,sel883,156360,q1c,N,1,
196,sel883,156616,q1c,N,1,
204,sel883,156869,q1c,N,1,
212,sel883,157123,q1c,N,1,
220,sel883,157371,q1c,N,1,
228,sel883,157627,q1c,N,1,
236,sel883,157883,q1c,N,1,
4,sel891,150235,q1c,N,1,
9,sel891,150368,q1c,N,1,
17,sel891,150603,q1c,N,1,
25,sel891,150785,q1c,N,1,
33,sel891,150966,q1c,N,1,
41,sel891,151152,q1c,N,7,
49,sel891,151334,q1c,N,1,
57,sel891,151513,q1c,N,7,
65,sel891,151698,q1c,N,1,
73,sel891,151883,q1c,N,1,
81,sel891,152062,q1c,N,1,
86,sel891,152196,q1c,N,1,
94,sel891,152437,q1c,N,1,
102,sel891,152620,q1c,N,1,
110,sel891,152807,q1c,N,1,
118,sel891,153534,q1c,N,1,
123,sel891,153671,q1c,N,1,
131,sel891,153891,q1c,N,1,
139,sel891,154071,q1c,N,1,
147,sel891,154254,q1c,N,1,
155,sel891,154431,q1c,N,1,
163,sel891,155517,q1c,N,7,
171,sel891,155696,q1c,N,1,
179,sel891,155874,q1c,N,1,
187,sel891,156054,q1c,N,7,
192,sel891,156187,q1c,N,1,
200,sel891,156418,q1c,N,1,
208,sel891,156600,q1c,N,7,
216,sel891,156781,q1c,N,7,
221,sel891,156916,q1c,N,1,
229,sel891,157143,q1c,N,1,
237,sel891,157323,q1c,N,7,
245,sel891,157504,q1c,N,1,
253,sel891,157681,q1c,N,7,
261,sel891,157862,q1c,N,7,
266,sel891,158000,q1c,N,7,
274,sel891,158219,q1c,N,1,
282,sel891,158401,q1c,N,1,
290,sel891,158582,q1c,N,7,
295,sel891,158718,q1c,N,1,
303,sel891,158938,q1c,N,7,
311,sel891,159117,q1c,N,1,
319,sel891,160354,q1c,N,7,
324,sel891,160490,q1c,N,7,
332,sel891,160719,q1c,N,7,
340,sel891,161083,q1c,N,7,
348,sel891,161446,q1c,N,7,
356,sel891,161626,q1c,N,7,
364,sel891,161981,q1c,N,7,
369,sel891,162300,q1c,N,7,
377,sel891,162700,q1c,N,9,
385,sel891,163053,q1c,N,9,
393,sel891,163233,q1c,N,9,
401,sel891,164122,q1c,N,9,
409,sel891,164479,q1c,N,9,
417,sel891,164828,q1c,N,9,
425,sel891,165006,q1c,N,9,
433,sel891,165185,q1c,N,9,
442,sel891,165532,q1c,N,9,
447,sel891,166021,q1c,N,9,
455,sel891,166407,q1c,N,9,
460,sel891,166541,q1c,N,9,
468,sel891,166923,q1c,N,9,
476,sel891,167095,q1c,N,9,
481,sel891,168588,q1c,N,9,
489,sel891,168963,q1c,N,9,
494,sel891,169097,q1c,N,9,
502,sel891,169642,q1c,N,9,
510,sel891,170158,q1c,N,9,
518,sel891,170515,q1c,N,9,
526,sel891,206533,q1c,N,3,
4,sele0104,150348,q1c,N,1,
12,sele0104,150612,q1c,N,1,
20,sele0104,150881,q1c,N,1,
28,sele0104,151148,q1c,N,1,
36,sele0104,151405,q1c,N,1,
46,sele0104,151670,q1c,N,1,
54,sele0104,151935,q1c,N,1,
62,sele0104,152205,q1c,N,1,
70,sele0104,152469,q1c,N,1,
78,sele0104,152739,q1c,N,1,
86,sele0104,153011,q1c,N,1,
94,sele0104,153278,q1c,N,1,
102,sele0104,153535,q1c,N,1,
110,sele0104,153802,q1c,N,1,
118,sele0104,154074,q1c,N,1,
126,sele0104,154343,q1c,N,1,
134,sele0104,154607,q1c,N,1,
142,sele0104,154884,q1c,N,1,
150,sele0104,155160,q1c,N,1,
158,sele0104,155441,q1c,N,1,
166,sele0104,155712,q1c,N,1,
174,sele0104,155983,q1c,N,1,
184,sele0104,156258,q1c,N,1,
192,sele0104,156526,q1c,N,1,
200,sele0104,156785,q1c,N,1,
208,sele0104,157055,q1c,N,1,
216,sele0104,157327,q1c,N,1,
226,sele0104,157596,q1c,N,1,
234,sele0104,157858,q1c,N,1,
242,sele0104,158131,q1c,N,1,
4,sele0106,150312,q1c,N,1,
15,sele0106,150575,q1c,N,1,
26,sele0106,150847,q1c,N,1,
37,sele0106,151115,q1c,N,1,
46,sele0106,151372,q1c,N,1,
57,sele0106,151631,q1c,N,1,
66,sele0106,151891,q1c,N,1,
77,sele0106,152148,q1c,N,1,
88,sele0106,152408,q1c,N,1,
99,sele0106,152668,q1c,N,1,
110,sele0106,152928,q1c,N,1,
121,sele0106,153191,q1c,N,1,
132,sele0106,153460,q1c,N,1,
143,sele0106,153730,q1c,N,1,
154,sele0106,153990,q1c,N,1,
165,sele0106,154258,q1c,N,1,
176,sele0106,154524,q1c,N,1,
187,sele0106,154785,q1c,N,1,
198,sele0106,155049,q1c,N,1,
209,sele0106,155318,q1c,N,1,
220,sele0106,155579,q1c,N,1,
231,sele0106,155843,q1c,N,1,
240,sele0106,156107,q1c,N,1,
251,sele0106,156366,q1c,N,1,
262,sele0106,156620,q1c,N,1,
273,sele0106,156878,q1c,N,1,
284,sele0106,157131,q1c,N,1,
295,sele0106,157379,q1c,N,1,
306,sele0106,157630,q1c,N,1,
317,sele0106,157885,q1c,N,1,
4,sele0107,150400,q1c,N,1,
14,sele0107,150689,q1c,N,1,
22,sele0107,150977,q1c,N,1,
32,sele0107,151264,q1c,N,1,
42,sele0107,151551,q1c,N,1,
50,sele0107,151834,q1c,N,1,
60,sele0107,152115,q1c,N,1,
70,sele0107,152399,q1c,N,1,
80,sele0107,152678,q1c,N,1,
90,sele0107,152954,q1c,N,1,
100,sele0107,153235,q1c,N,1,
108,sele0107,153520,q1c,N,1,
116,sele0107,153797,q1c,N,1,
126,sele0107,154078,q1c,N,1,
134,sele0107,154351,q1c,N,1,
142,sele0107,154621,q1c,N,1,
152,sele0107,154904,q1c,N,1,
162,sele0107,155198,q1c,N,1,
172,sele0107,155487,q1c,N,1,
182,sele0107,155778,q1c,N,1,
190,sele0107,156061,q1c,N,1,
198,sele0107,156347,q1c,N,1,
208,sele0107,156633,q1c,N,1,
218,sele0107,156912,q1c,N,1,
226,sele0107,157187,q1c,N,1,
236,sele0107,157477,q1c,N,1,
246,sele0107,157768,q1c,N,1,
254,sele0107,158054,q1c,N,1,
264,sele0107,158343,q1c,N,1,
274,sele0107,158626,q1c,N,1,
284,sele0107,186402,q1c,N,2,
292,sele0107,190107,q1c,N,2,
300,sele0107,195971,q1c,N,2,
308,sele0107,196571,q1c,N,2,
4,sele0110,150429,q1c,N,1,
12,sele0110,150666,q1c,N,1,
20,sele0110,150907,q1c,N,1,
28,sele0110,151142,q1c,N,1,
36,sele0110,151380,q1c,N,1,
44,sele0110,151613,q1c,N,1,
52,sele0110,151859,q1c,N,1,
60,sele0110,152105,q1c,N,1,
68,sele0110,152352,q1c,N,1,
76,sele0110,152600,q1c,N,1,
84,sele0110,152845,q1c,N,1,
92,sele0110,153081,q1c,N,1,
100,sele0110,153299,q1c,N,1,
108,sele0110,153511,q1c,N,1,
116,sele0110,153736,q1c,N,1,
124,sele0110,153965,q1c,N,1,
132,sele0110,154209,q1c,N,1,
140,sele0110,154454,q1c,N,1,
148,sele0110,154702,q1c,N,1,
156,sele0110,154946,q1c,N,1,
164,sele0110,155189,q1c,N,1,
172,sele0110,155433,q1c,N,1,
180,sele0110,155674,q1c,N,1,
188,sele0110,155917,q1c,N,1,
196,sele0110,156165,q1c,N,1,
204,sele0110,156416,q1c,N,1,
212,sele0110,156662,q1c,N,1,
220,sele0110,156903,q1c,N,1,
228,sele0110,157151,q1c,N,1,
236,sele0110,157401,q1c,N,1,
4,sele0111,150450,q1c,N,1,
14,sele0111,150697,q1c,N,1,
24,sele0111,150943,q1c,N,1,
34,sele0111,151186,q1c,N,1,
44,sele0111,151434,q1c,N,1,
54,sele0111,151682,q1c,N,1,
64,sele0111,151928,q1c,N,1,
74,sele0111,152174,q1c,N,1,
84,sele0111,152416,q1c,N,1,
94,sele0111,152658,q1c,N,1,
104,sele0111,152904,q1c,N,1,
114,sele0111,153157,q1c,N,1,
124,sele0111,153408,q1c,N,1,
134,sele0111,153659,q1c,N,1,
144,sele0111,153912,q1c,N,1,
154,sele0111,154163,q1c,N,1,
164,sele0111,154413,q1c,N,1,
174,sele0111,154668,q1c,N,1,
184,sele0111,154919,q1c,N,1,
194,sele0111,155169,q1c,N,1,
204,sele0111,155416,q1c,N,1,
214,sele0111,155664,q1c,N,1,
224,sele0111,155908,q1c,N,1,
234,sele0111,156151,q1c,N,1,
244,sele0111,156396,q1c,N,1,
254,sele0111,156642,q1c,N,1,
264,sele0111,156883,q1c,N,1,
274,sele0111,157128,q1c,N,1,
284,sele0111,157375,q1c,N,1,
294,sele0111,157627,q1c,N,1,
4,sele0112,150495,q1c,N,1,
14,sele0112,150838,q1c,N,1,
24,sele0112,151178,q1c,N,1,
34,sele0112,151519,q1c,N,1,
44,sele0112,151863,q1c,N,1,
54,sele0112,152204,q1c,N,1,
64,sele0112,152541,q1c,N,1,
74,sele0112,152876,q1c,N,1,
84,sele0112,153210,q1c,N,1,
94,sele0112,153548,q1c,N,1,
104,sele0112,153883,q1c,N,1,
114,sele0112,154222,q1c,N,1,
124,sele0112,154564,q1c,N,1,
134,sele0112,154906,q1c,N,1,
144,sele0112,155244,q1c,N,1,
154,sele0112,155588,q1c,N,1,
164,sele0112,155927,q1c,N,1,
174,sele0112,156263,q1c,N,1,
184,sele0112,156602,q1c,N,1,
194,sele0112,156937,q1c,N,1,
204,sele0112,157269,q1c,N,1,
214,sele0112,157610,q1c,N,1,
224,sele0112,157948,q1c,N,1,
234,sele0112,158286,q1c,N,1,
244,sele0112,158630,q1c,N,1,
254,sele0112,158972,q1c,N,1,
264,sele0112,159311,q1c,N,1,
274,sele0112,159650,q1c,N,1,
284,sele0112,159986,q1c,N,1,
294,sele0112,160325,q1c,N,1,
304,sele0112,207906,q1c,N,2,
314,sele0112,208193,q1c,N,2,
324,sele0112,208481,q1c,N,2,
334,sele0112,208777,q1c,N,2,
344,sele0112,209077,q1c,N,2,
354,sele0112,209374,q1c,N,2,
364,sele0112,209678,q1c,N,2,
374,sele0112,209973,q1c,N,2,
384,sele0112,210267,q1c,N,2,
394,sele0112,210562,q1c,N,2,
404,sele0112,210853,q1c,N,2,
414,sele0112,211140,q1c,N,2,
424,sele0112,211433,q1c,N,2,
434,sele0112,211726,q1c,N,2,
444,sele0112,212024,q1c,N,2,
454,sele0112,212320,q1c,N,2,
464,sele0112,212702,q1c,N,2,
474,sele0112,213055,q1c,N,2,
484,sele0112,213396,q1c,N,2,
494,sele0112,213731,q1c,N,2,
4,sele0114,150777,q1c,N,1,
16,sele0114,151066,q1c,N,1,
28,sele0114,151294,q1c,N,1,
39,sele0114,151714,q1c,N,1,
51,sele0114,152101,q1c,N,1,
63,sele0114,152419,q1c,N,1,
75,sele0114,152824,q1c,N,1,
87,sele0114,153226,q1c,N,1,
98,sele0114,153611,q1c,N,1,
110,sele0114,154004,q1c,N,1,
122,sele0114,154403,q1c,N,1,
134,sele0114,154703,q1c,N,1,
146,sele0114,154949,q1c,N,1,
158,sele0114,155372,q1c,N,1,
170,sele0114,155756,q1c,N,1,
182,sele0114,156060,q1c,N,1,
194,sele0114,156321,q1c,N,1,
206,sele0114,156751,q1c,N,1,
218,sele0114,157139,q1c,N,1,
230,sele0114,157420,q1c,N,1,
241,sele0114,157674,q1c,N,1,
252,sele0114,158098,q1c,N,1,
263,sele0114,158499,q1c,N,1,
274,sele0114,158881,q1c,N,1,
285,sele0114,159238,q1c,N,1,
296,sele0114,159628,q1c,N,1,
307,sele0114,159926,q1c,N,1,
318,sele0114,160337,q1c,N,1,
329,sele0114,160727,q1c,N,1,
340,sele0114,160999,q1c,N,1,
4,sele0116,150676,q1c,N,1,
13,sele0116,151044,q1c,N,1,
22,sele0116,151426,q1c,N,1,
31,sele0116,151802,q1c,N,1,
40,sele0116,152188,q1c,N,1,
49,sele0116,152581,q1c,N,1,
58,sele0116,152962,q1c,N,1,
67,sele0116,153352,q1c,N,1,
76,sele0116,153725,q1c,N,1,
85,sele0116,154105,q1c,N,1,
94,sele0116,154501,q1c,N,1,
103,sele0116,154910,q1c,N,1,
112,sele0116,155327,q1c,N,1,
121,sele0116,155746,q1c,N,1,
130,sele0116,156161,q1c,N,1,
139,sele0116,156582,q1c,N,1,
148,sele0116,156979,q1c,N,1,
157,sele0116,157374,q1c,N,1,
166,sele0116,157764,q1c,N,1,
175,sele0116,158155,q1c,N,1,
184,sele0116,158550,q1c,N,1,
193,sele0116,158960,q1c,N,1,
202,sele0116,159376,q1c,N,1,
211,sele0116,159803,q1c,N,1,
220,sele0116,160218,q1c,N,1,
229,sele0116,160627,q1c,N,1,
238,sele0116,161044,q1c,N,1,
247,sele0116,161461,q1c,N,1,
256,sele0116,161872,q1c,N,1,
265,sele0116,162276,q1c,N,1,
4,sele0121,150241,q1c,N,1,
12,sele0121,150395,q1c,N,1,
20,sele0121,150551,q1c,N,1,
28,sele0121,150705,q1c,N,1,
36,sele0121,150859,q1c,N,1,
44,sele0121,151013,q1c,N,1,
52,sele0121,151166,q1c,N,1,
60,sele0121,151320,q1c,N,1,
68,sele0121,151474,q1c,N,1,
76,sele0121,151627,q1c,N,1,
84,sele0121,151779,q1c,N,1,
92,sele0121,151932,q1c,N,1,
100,sele0121,152084,q1c,N,1,
108,sele0121,152236,q1c,N,1,
116,sele0121,152390,q1c,N,1,
124,sele0121,152545,q1c,N,1,
132,sele0121,152701,q1c,N,1,
140,sele0121,152856,q1c,N,1,
148,sele0121,153012,q1c,N,1,
156,sele0121,153166,q1c,N,1,
164,sele0121,153322,q1c,N,1,
172,sele0121,153478,q1c,N,1,
180,sele0121,153633,q1c,N,1,
188,sele0121,153787,q1c,N,1,
196,sele0121,153942,q1c,N,1,
204,sele0121,154097,q1c,N,1,
212,sele0121,154254,q1c,N,1,
220,sele0121,154412,q1c,N,1,
228,sele0121,154570,q1c,N,1,
236,sele0121,154727,q1c,N,1,
4,sele0122,150217,q1c,N,1,
14,sele0122,150377,q1c,N,1,
24,sele0122,150539,q1c,N,1,
34,sele0122,150702,q1c,N,1,
44,sele0122,150866,q1c,N,1,
54,sele0122,151030,q1c,N,1,
64,sele0122,151194,q1c,N,1,
74,sele0122,151358,q1c,N,1,
84,sele0122,151522,q1c,N,1,
94,sele0122,151685,q1c,N,1,
104,sele0122,151849,q1c,N,1,
114,sele0122,152012,q1c,N,1,
124,sele0122,152174,q1c,N,1,
134,sele0122,152333,q1c,N,1,
144,sele0122,152493,q1c,N,1,
154,sele0122,152652,q1c,N,1,
164,sele0122,152813,q1c,N,1,
174,sele0122,152972,q1c,N,1,
184,sele0122,153132,q1c,N,1,
194,sele0122,153294,q1c,N,1,
204,sele0122,153457,q1c,N,1,
214,sele0122,153621,q1c,N,1,
224,sele0122,153786,q1c,N,1,
234,sele0122,153950,q1c,N,1,
244,sele0122,154116,q1c,N,1,
254,sele0122,154281,q1c,N,1,
264,sele0122,154447,q1c,N,1,
272,sele0122,154612,q1c,N,1,
282,sele0122,154776,q1c,N,1,
292,sele0122,154940,q1c,N,1,
4,sele0124,150380,q1c,N,1,
13,sele0124,150576,q1c,N,3,
22,sele0124,150769,q1c,N,3,
31,sele0124,150963,q1c,N,1,
40,sele0124,151156,q1c,N,1,
49,sele0124,151345,q1c,N,3,
58,sele0124,151539,q1c,N,1,
67,sele0124,151735,q1c,N,1,
76,sele0124,151934,q1c,N,1,
85,sele0124,152133,q1c,N,3,
94,sele0124,152326,q1c,N,3,
103,sele0124,152525,q1c,N,1,
112,sele0124,152725,q1c,N,1,
121,sele0124,152925,q1c,N,3,
130,sele0124,153123,q1c,N,1,
139,sele0124,153329,q1c,N,1,
148,sele0124,153539,q1c,N,1,
157,sele0124,153746,q1c,N,3,
166,sele0124,153952,q1c,N,1,
175,sele0124,154163,q1c,N,1,
184,sele0124,154374,q1c,N,3,
193,sele0124,154578,q1c,N,3,
202,sele0124,154781,q1c,N,1,
211,sele0124,154987,q1c,N,1,
220,sele0124,155191,q1c,N,1,
229,sele0124,155392,q1c,N,3,
238,sele0124,155594,q1c,N,1,
247,sele0124,155798,q1c,N,1,
256,sele0124,156001,q1c,N,3,
265,sele0124,156200,q1c,N,3,
274,sele0124,156400,q1c,N,1,
283,sele0124,156603,q1c,N,1,
292,sele0124,156802,q1c,N,1,
301,sele0124,156998,q1c,N,1,
310,sele0124,157191,q1c,N,1,
319,sele0124,157388,q1c,N,3,
328,sele0124,157584,q1c,N,1,
337,sele0124,157785,q1c,N,1,
346,sele0124,157988,q1c,N,1,
355,sele0124,158188,q1c,N,3,
364,sele0124,158394,q1c,N,1,
373,sele0124,158606,q1c,N,1,
382,sele0124,158815,q1c,N,3,
391,sele0124,159024,q1c,N,1,
400,sele0124,159235,q1c,N,1,
409,sele0124,159444,q1c,N,3,
418,sele0124,159652,q1c,N,3,
427,sele0124,160471,q1c,N,3,
436,sele0124,160667,q1c,N,3,
445,sele0124,160860,q1c,N,3,
4,sele0126,150222,q1c,N,1,
14,sele0126,150480,q1c,N,1,
24,sele0126,150725,q1c,N,1,
34,sele0126,150967,q1c,N,1,
44,sele0126,151206,q1c,N,1,
54,sele0126,151450,q1c,N,1,
64,sele0126,151689,q1c,N,1,
74,sele0126,151930,q1c,N,1,
84,sele0126,152173,q1c,N,1,
94,sele0126,152416,q1c,N,1,
104,sele0126,152657,q1c,N,1,
114,sele0126,152904,q1c,N,1,
124,sele0126,153145,q1c,N,1,
134,sele0126,153388,q1c,N,1,
144,sele0126,153634,q1c,N,1,
154,sele0126,153876,q1c,N,1,
164,sele0126,154115,q1c,N,1,
174,sele0126,154356,q1c,N,1,
184,sele0126,154593,q1c,N,1,
194,sele0126,154831,q1c,N,1,
204,sele0126,155075,q1c,N,1,
214,sele0126,155317,q1c,N,1,
224,sele0126,155559,q1c,N,1,
234,sele0126,155807,q1c,N,1,
244,sele0126,156052,q1c,N,1,
254,sele0126,156294,q1c,N,1,
264,sele0126,156538,q1c,N,1,
274,sele0126,156781,q1c,N,1,
284,sele0126,157019,q1c,N,1,
294,sele0126,157260,q1c,N,1,
4,sele0129,150383,q1c,N,1,
12,sele0129,150722,q1c,N,1,
20,sele0129,151057,q1c,N,1,
28,sele0129,151398,q1c,N,1,
36,sele0129,151732,q1c,N,1,
44,sele0129,152069,q1c,N,1,
52,sele0129,152416,q1c,N,1,
60,sele0129,153837,q1c,N,1,
68,sele0129,154089,q1c,N,1,
76,sele0129,154334,q1c,N,1,
84,sele0129,154574,q1c,N,1,
92,sele0129,154898,q1c,N,1,
100,sele0129,155284,q1c,N,1,
108,sele0129,155598,q1c,N,1,
116,sele0129,155932,q1c,N,1,
124,sele0129,156262,q1c,N,1,
132,sele0129,156573,q1c,N,1,
140,sele0129,156909,q1c,N,1,
148,sele0129,157246,q1c,N,1,
156,sele0129,157573,q1c,N,1,
164,sele0129,157915,q1c,N,1,
172,sele0129,158264,q1c,N,1,
180,sele0129,158602,q1c,N,1,
188,sele0129,158951,q1c,N,1,
196,sele0129,159307,q1c,N,1,
204,sele0129,159637,q1c,N,1,
212,sele0129,159978,q1c,N,1,
220,sele0129,160315,q1c,N,1,
228,sele0129,160641,q1c,N,1,
236,sele0129,160978,q1c,N,1,
4,sele0133,150485,q1c,N,1,
12,sele0133,150757,q1c,N,1,
20,sele0133,151029,q1c,N,1,
28,sele0133,151290,q1c,N,1,
36,sele0133,151563,q1c,N,1,
44,sele0133,151843,q1c,N,1,
52,sele0133,152115,q1c,N,1,
60,sele0133,152376,q1c,N,1,
68,sele0133,152644,q1c,N,1,
76,sele0133,152901,q1c,N,1,
84,sele0133,153152,q1c,N,1,
92,sele0133,153410,q1c,N,1,
100,sele0133,153672,q1c,N,1,
108,sele0133,153925,q1c,N,1,
116,sele0133,154181,q1c,N,1,
124,sele0133,154445,q1c,N,1,
132,sele0133,154717,q1c,N,1,
140,sele0133,154981,q1c,N,1,
148,sele0133,155250,q1c,N,1,
156,sele0133,155522,q1c,N,1,
164,sele0133,155783,q1c,N,1,
172,sele0133,156042,q1c,N,1,
180,sele0133,156305,q1c,N,1,
188,sele0133,156563,q1c,N,1,
196,sele0133,156817,q1c,N,1,
204,sele0133,157077,q1c,N,1,
212,sele0133,157351,q1c,N,1,
220,sele0133,157613,q1c,N,1,
228,sele0133,157883,q1c,N,1,
236,sele0133,158166,q1c,N,1,
4,sele0136,150213,q1c,N,1,
13,sele0136,150413,q1c,N,1,
22,sele0136,150616,q1c,N,1,
31,sele0136,150818,q1c,N,1,
40,sele0136,151031,q1c,N,1,
49,sele0136,151356,q1c,N,1,
58,sele0136,151649,q1c,N,1,
70,sele0136,151950,q1c,N,1,
81,sele0136,152258,q1c,N,1,
92,sele0136,152559,q1c,N,1,
104,sele0136,152868,q1c,N,1,
116,sele0136,153184,q1c,N,1,
125,sele0136,153491,q1c,N,1,
137,sele0136,153765,q1c,N,1,
148,sele0136,154032,q1c,N,1,
159,sele0136,154290,q1c,N,1,
170,sele0136,154544,q1c,N,1,
179,sele0136,154807,q1c,N,1,
188,sele0136,155079,q1c,N,1,
197,sele0136,155366,q1c,N,1,
209,sele0136,155657,q1c,N,1,
220,sele0136,155966,q1c,N,1,
229,sele0136,156264,q1c,N,1,
241,sele0136,156559,q1c,N,1,
253,sele0136,156867,q1c,N,1,
262,sele0136,157176,q1c,N,1,
271,sele0136,157467,q1c,N,1,
280,sele0136,157764,q1c,N,1,
289,sele0136,158065,q1c,N,1,
298,sele0136,158372,q1c,N,1,
4,sele0166,150567,q1c,N,1,
13,sele0166,150847,q1c,N,1,
22,sele0166,151137,q1c,N,1,
31,sele0166,151437,q1c,N,1,
40,sele0166,151731,q1c,N,1,
49,sele0166,152035,q1c,N,1,
58,sele0166,152347,q1c,N,1,
67,sele0166,152653,q1c,N,1,
76,sele0166,152965,q1c,N,1,
85,sele0166,153283,q1c,N,2,
94,sele0166,153606,q1c,N,1,
103,sele0166,153917,q1c,N,1,
112,sele0166,154239,q1c,N,2,
121,sele0166,154561,q1c,N,1,
130,sele0166,154881,q1c,N,1,
139,sele0166,155184,q1c,N,1,
148,sele0166,155492,q1c,N,1,
157,sele0166,155801,q1c,N,1,
166,sele0166,156115,q1c,N,1,
175,sele0166,156420,q1c,N,1,
184,sele0166,156730,q1c,N,1,
193,sele0166,157043,q1c,N,1,
202,sele0166,157349,q1c,N,1,
211,sele0166,157650,q1c,N,1,
220,sele0166,157960,q1c,N,1,
229,sele0166,158268,q1c,N,1,
238,sele0166,158571,q1c,N,1,
247,sele0166,158877,q1c,N,1,
256,sele0166,159185,q1c,N,1,
265,sele0166,159483,q1c,N,1,
274,sele0166,159770,q1c,N,1,
283,sele0166,160069,q1c,N,1,
292,sele0166,162502,q1c,N,2,
301,sele0166,162824,q1c,N,2,
310,sele0166,170414,q1c,N,2,
319,sele0166,203593,q1c,N,2,
4,sele0170,150282,q1c,N,1,
12,sele0170,150541,q1c,N,1,
20,sele0170,150791,q1c,N,1,
28,sele0170,151045,q1c,N,1,
36,sele0170,151298,q1c,N,1,
44,sele0170,151548,q1c,N,1,
52,sele0170,151806,q1c,N,1,
60,sele0170,152074,q1c,N,1,
68,sele0170,152339,q1c,N,1,
76,sele0170,152608,q1c,N,1,
84,sele0170,152873,q1c,N,1,
92,sele0170,153134,q1c,N,1,
100,sele0170,153393,q1c,N,1,
108,sele0170,153654,q1c,N,1,
116,sele0170,153908,q1c,N,1,
124,sele0170,154163,q1c,N,1,
132,sele0170,154420,q1c,N,1,
140,sele0170,154670,q1c,N,1,
148,sele0170,154926,q1c,N,1,
156,sele0170,155183,q1c,N,1,
164,sele0170,155441,q1c,N,1,
172,sele0170,155700,q1c,N,1,
180,sele0170,155960,q1c,N,1,
188,sele0170,156226,q1c,N,1,
196,sele0170,156484,q1c,N,1,
204,sele0170,156739,q1c,N,1,
212,sele0170,157002,q1c,N,1,
220,sele0170,157267,q1c,N,1,
228,sele0170,157526,q1c,N,1,
236,sele0170,157791,q1c,N,1,
4,sele0203,150260,q1c,N,1,
12,sele0203,150429,q1c,N,1,
20,sele0203,150597,q1c,N,1,
28,sele0203,150770,q1c,N,1,
36,sele0203,150935,q1c,N,1,
44,sele0203,151103,q1c,N,1,
52,sele0203,151277,q1c,N,1,
60,sele0203,151452,q1c,N,1,
68,sele0203,151623,q1c,N,1,
76,sele0203,151804,q1c,N,1,
84,sele0203,152022,q1c,N,1,
92,sele0203,152215,q1c,N,1,
100,sele0203,152411,q1c,N,1,
108,sele0203,152623,q1c,N,1,
116,sele0203,152821,q1c,N,1,
124,sele0203,153011,q1c,N,1,
132,sele0203,153194,q1c,N,1,
140,sele0203,153366,q1c,N,1,
148,sele0203,153544,q1c,N,1,
156,sele0203,153731,q1c,N,1,
164,sele0203,153913,q1c,N,1,
172,sele0203,154095,q1c,N,1,
180,sele0203,154312,q1c,N,1,
188,sele0203,154585,q1c,N,1,
196,sele0203,154776,q1c,N,1,
204,sele0203,154963,q1c,N,1,
212,sele0203,155158,q1c,N,1,
220,sele0203,155338,q1c,N,1,
228,sele0203,155519,q1c,N,1,
236,sele0203,155697,q1c,N,1,
4,sele0210,150276,q1c,N,1,
13,sele0210,150490,q1c,N,1,
22,sele0210,150720,q1c,N,1,
31,sele0210,150948,q1c,N,1,
40,sele0210,151174,q1c,N,1,
49,sele0210,151385,q1c,N,1,
58,sele0210,151594,q1c,N,1,
67,sele0210,151798,q1c,N,1,
76,sele0210,152006,q1c,N,1,
85,sele0210,152220,q1c,N,1,
94,sele0210,152433,q1c,N,1,
103,sele0210,152644,q1c,N,1,
112,sele0210,152856,q1c,N,1,
121,sele0210,153067,q1c,N,1,
130,sele0210,153274,q1c,N,1,
139,sele0210,153474,q1c,N,1,
148,sele0210,153673,q1c,N,1,
157,sele0210,153879,q1c,N,1,
166,sele0210,154101,q1c,N,1,
175,sele0210,154324,q1c,N,1,
184,sele0210,154543,q1c,N,1,
193,sele0210,154761,q1c,N,1,
202,sele0210,154968,q1c,N,1,
211,sele0210,155168,q1c,N,1,
220,sele0210,155365,q1c,N,1,
229,sele0210,155566,q1c,N,1,
238,sele0210,155776,q1c,N,1,
247,sele0210,155985,q1c,N,1,
256,sele0210,156195,q1c,N,1,
265,sele0210,156411,q1c,N,1,
4,sele0211,150176,q1c,N,1,
13,sele0211,150320,q1c,N,1,
22,sele0211,150464,q1c,N,1,
31,sele0211,150609,q1c,N,1,
40,sele0211,150753,q1c,N,1,
49,sele0211,150898,q1c,N,1,
58,sele0211,151042,q1c,N,1,
67,sele0211,151187,q1c,N,1,
76,sele0211,151332,q1c,N,1,
85,sele0211,151477,q1c,N,1,
94,sele0211,151623,q1c,N,1,
103,sele0211,151768,q1c,N,1,
112,sele0211,151913,q1c,N,1,
121,sele0211,152058,q1c,N,1,
130,sele0211,152203,q1c,N,1,
139,sele0211,152348,q1c,N,1,
148,sele0211,152493,q1c,N,1,
157,sele0211,152638,q1c,N,1,
166,sele0211,152783,q1c,N,1,
175,sele0211,152929,q1c,N,1,
184,sele0211,153074,q1c,N,1,
193,sele0211,153219,q1c,N,1,
202,sele0211,153364,q1c,N,1,
211,sele0211,153509,q1c,N,1,
220,sele0211,153653,q1c,N,1,
229,sele0211,153797,q1c,N,1,
238,sele0211,153942,q1c,N,1,
247,sele0211,154087,q1c,N,1,
256,sele0211,154230,q1c,N,1,
265,sele0211,154373,q1c,N,1,
4,sele0303,150402,q1c,N,1,
13,sele0303,150620,q1c,N,1,
22,sele0303,150838,q1c,N,1,
31,sele0303,151058,q1c,N,1,
40,sele0303,151276,q1c,N,1,
49,sele0303,151493,q1c,N,1,
58,sele0303,151713,q1c,N,1,
67,sele0303,151929,q1c,N,1,
76,sele0303,152147,q1c,N,1,
85,sele0303,152362,q1c,N,1,
94,sele0303,152579,q1c,N,1,
103,sele0303,152798,q1c,N,1,
112,sele0303,153014,q1c,N,1,
121,sele0303,153233,q1c,N,1,
130,sele0303,153452,q1c,N,1,
139,sele0303,153670,q1c,N,1,
148,sele0303,153887,q1c,N,1,
157,sele0303,154105,q1c,N,1,
166,sele0303,154324,q1c,N,1,
175,sele0303,154541,q1c,N,1,
184,sele0303,154759,q1c,N,1,
193,sele0303,154979,q1c,N,1,
202,sele0303,155194,q1c,N,1,
211,sele0303,155412,q1c,N,1,
220,sele0303,155627,q1c,N,1,
229,sele0303,155842,q1c,N,1,
238,sele0303,156056,q1c,N,1,
247,sele0303,156272,q1c,N,1,
256,sele0303,156486,q1c,N,1,
265,sele0303,156704,q1c,N,1,
4,sele0405,150253,q1c,N,1,
12,sele0405,150433,q1c,N,1,
20,sele0405,150613,q1c,N,1,
28,sele0405,150793,q1c,N,1,
36,sele0405,150969,q1c,N,1,
44,sele0405,151136,q1c,N,1,
52,sele0405,151307,q1c,N,1,
60,sele0405,151474,q1c,N,1,
68,sele0405,151638,q1c,N,1,
76,sele0405,151801,q1c,N,1,
84,sele0405,151964,q1c,N,1,
92,sele0405,152124,q1c,N,1,
100,sele0405,152281,q1c,N,1,
108,sele0405,152439,q1c,N,1,
116,sele0405,152597,q1c,N,1,
124,sele0405,152758,q1c,N,1,
132,sele0405,152919,q1c,N,1,
140,sele0405,153081,q1c,N,1,
148,sele0405,153242,q1c,N,1,
156,sele0405,153404,q1c,N,1,
164,sele0405,153566,q1c,N,1,
172,sele0405,153731,q1c,N,1,
180,sele0405,153896,q1c,N,1,
188,sele0405,154060,q1c,N,1,
196,sele0405,154228,q1c,N,1,
204,sele0405,154396,q1c,N,1,
212,sele0405,154564,q1c,N,1,
220,sele0405,154732,q1c,N,1,
228,sele0405,154899,q1c,N,1,
236,sele0405,155063,q1c,N,1,
4,sele0406,150442,q1c,N,1,
14,sele0406,150682,q1c,N,1,
22,sele0406,150918,q1c,N,1,
30,sele0406,151154,q1c,N,1,
38,sele0406,151391,q1c,N,1,
46,sele0406,151625,q1c,N,1,
54,sele0406,151849,q1c,N,1,
62,sele0406,152082,q1c,N,1,
70,sele0406,152319,q1c,N,1,
80,sele0406,152558,q1c,N,1,
88,sele0406,152802,q1c,N,1,
96,sele0406,153050,q1c,N,1,
104,sele0406,153294,q1c,N,1,
112,sele0406,153541,q1c,N,1,
122,sele0406,153786,q1c,N,1,
130,sele0406,154018,q1c,N,1,
140,sele0406,154254,q1c,N,1,
150,sele0406,154493,q1c,N,1,
158,sele0406,154725,q1c,N,1,
166,sele0406,154959,q1c,N,1,
176,sele0406,155195,q1c,N,1,
186,sele0406,155428,q1c,N,1,
196,sele0406,155667,q1c,N,1,
204,sele0406,155904,q1c,N,1,
212,sele0406,156145,q1c,N,1,
220,sele0406,156382,q1c,N,1,
228,sele0406,156625,q1c,N,1,
236,sele0406,156872,q1c,N,1,
244,sele0406,157116,q1c,N,1,
252,sele0406,157365,q1c,N,1,
260,sele0406,216749,q1c,N,2,
4,sele0409,150163,q1c,N,1,
13,sele0409,150280,q1c,N,1,
22,sele0409,150397,q1c,N,1,
31,sele0409,150516,q1c,N,1,
40,sele0409,150632,q1c,N,1,
49,sele0409,150749,q1c,N,1,
58,sele0409,150864,q1c,N,1,
67,sele0409,150980,q1c,N,1,
76,sele0409,151098,q1c,N,1,
85,sele0409,151214,q1c,N,1,
94,sele0409,151330,q1c,N,1,
103,sele0409,151447,q1c,N,1,
112,sele0409,151564,q1c,N,1,
121,sele0409,151681,q1c,N,1,
130,sele0409,151798,q1c,N,1,
139,sele0409,151914,q1c,N,1,
148,sele0409,152031,q1c,N,1,
157,sele0409,152149,q1c,N,1,
166,sele0409,152268,q1c,N,1,
175,sele0409,152385,q1c,N,1,
184,sele0409,152503,q1c,N,1,
193,sele0409,152618,q1c,N,1,
202,sele0409,152737,q1c,N,1,
211,sele0409,152857,q1c,N,1,
220,sele0409,152976,q1c,N,1,
229,sele0409,153095,q1c,N,1,
238,sele0409,153214,q1c,N,1,
247,sele0409,153333,q1c,N,1,
256,sele0409,153452,q1c,N,1,
265,sele0409,153571,q1c,N,1,
4,sele0411,150253,q1c,N,1,
12,sele0411,150438,q1c,N,1,
20,sele0411,150627,q1c,N,1,
28,sele0411,150822,q1c,N,1,
36,sele0411,151011,q1c,N,1,
44,sele0411,151195,q1c,N,1,
52,sele0411,151383,q1c,N,1,
60,sele0411,151574,q1c,N,1,
68,sele0411,151769,q1c,N,1,
76,sele0411,151956,q1c,N,1,
84,sele0411,152138,q1c,N,1,
92,sele0411,152322,q1c,N,1,
100,sele0411,152510,q1c,N,1,
108,sele0411,152701,q1c,N,1,
116,sele0411,152887,q1c,N,1,
124,sele0411,153072,q1c,N,1,
132,sele0411,153260,q1c,N,1,
140,sele0411,153449,q1c,N,1,
148,sele0411,153639,q1c,N,1,
156,sele0411,153823,q1c,N,1,
164,sele0411,154011,q1c,N,1,
172,sele0411,154208,q1c,N,1,
180,sele0411,154410,q1c,N,1,
188,sele0411,154604,q1c,N,1,
196,sele0411,154793,q1c,N,1,
204,sele0411,154989,q1c,N,1,
212,sele0411,155184,q1c,N,1,
220,sele0411,155371,q1c,N,1,
228,sele0411,155552,q1c,N,1,
236,sele0411,155739,q1c,N,1,
4,sele0509,150253,q1c,N,1,
12,sele0509,150470,q1c,N,1,
20,sele0509,150686,q1c,N,1,
28,sele0509,150899,q1c,N,1,
36,sele0509,151106,q1c,N,1,
44,sele0509,151321,q1c,N,1,
52,sele0509,151538,q1c,N,1,
60,sele0509,151753,q1c,N,1,
68,sele0509,151969,q1c,N,1,
76,sele0509,152189,q1c,N,1,
84,sele0509,152413,q1c,N,1,
92,sele0509,152640,q1c,N,1,
100,sele0509,152873,q1c,N,1,
108,sele0509,153101,q1c,N,1,
116,sele0509,153325,q1c,N,1,
124,sele0509,153552,q1c,N,1,
132,sele0509,153772,q1c,N,1,
140,sele0509,153990,q1c,N,1,
148,sele0509,154211,q1c,N,1,
156,sele0509,154429,q1c,N,1,
164,sele0509,154645,q1c,N,1,
172,sele0509,154863,q1c,N,1,
180,sele0509,155084,q1c,N,1,
188,sele0509,155302,q1c,N,1,
196,sele0509,155515,q1c,N,1,
204,sele0509,155728,q1c,N,1,
212,sele0509,155942,q1c,N,1,
220,sele0509,156156,q1c,N,1,
228,sele0509,156366,q1c,N,1,
236,sele0509,156574,q1c,N,1,
4,sele0603,150326,q1c,N,1,
14,sele0603,150606,q1c,N,1,
24,sele0603,150889,q1c,N,1,
34,sele0603,151163,q1c,N,1,
44,sele0603,151431,q1c,N,1,
54,sele0603,151698,q1c,N,1,
64,sele0603,151962,q1c,N,1,
74,sele0603,152233,q1c,N,1,
84,sele0603,152503,q1c,N,1,
94,sele0603,152783,q1c,N,1,
104,sele0603,153056,q1c,N,1,
114,sele0603,153329,q1c,N,1,
124,sele0603,153602,q1c,N,1,
134,sele0603,153881,q1c,N,1,
144,sele0603,154158,q1c,N,1,
154,sele0603,154426,q1c,N,1,
164,sele0603,154698,q1c,N,1,
174,sele0603,154961,q1c,N,1,
184,sele0603,155228,q1c,N,1,
194,sele0603,155504,q1c,N,1,
204,sele0603,155786,q1c,N,1,
214,sele0603,156071,q1c,N,1,
224,sele0603,156355,q1c,N,1,
234,sele0603,156634,q1c,N,1,
244,sele0603,156904,q1c,N,1,
254,sele0603,157173,q1c,N,1,
264,sele0603,157439,q1c,N,1,
274,sele0603,157708,q1c,N,1,
284,sele0603,157988,q1c,N,1,
294,sele0603,158264,q1c,N,1,
4,sele0604,150238,q1c,N,1,
14,sele0604,150436,q1c,N,1,
24,sele0604,150631,q1c,N,1,
34,sele0604,150825,q1c,N,1,
44,sele0604,151017,q1c,N,1,
54,sele0604,151211,q1c,N,1,
64,sele0604,151404,q1c,N,1,
74,sele0604,151598,q1c,N,1,
84,sele0604,151792,q1c,N,1,
94,sele0604,151988,q1c,N,1,
104,sele0604,152183,q1c,N,1,
114,sele0604,152371,q1c,N,1,
124,sele0604,152563,q1c,N,1,
134,sele0604,152755,q1c,N,1,
144,sele0604,152949,q1c,N,1,
154,sele0604,153146,q1c,N,1,
164,sele0604,153343,q1c,N,1,
174,sele0604,153539,q1c,N,1,
184,sele0604,153732,q1c,N,1,
194,sele0604,153927,q1c,N,1,
204,sele0604,154122,q1c,N,1,
214,sele0604,154318,q1c,N,1,
224,sele0604,154513,q1c,N,1,
234,sele0604,154706,q1c,N,1,
244,sele0604,154899,q1c,N,1,
254,sele0604,155094,q1c,N,1,
264,sele0604,155288,q1c,N,1,
274,sele0604,155484,q1c,N,1,
284,sele0604,155678,q1c,N,1,
294,sele0604,155871,q1c,N,1,
4,sele0606,150307,q1c,N,1,
12,sele0606,150474,q1c,N,1,
20,sele0606,150638,q1c,N,1,
28,sele0606,150800,q1c,N,1,
36,sele0606,150961,q1c,N,1,
44,sele0606,151122,q1c,N,1,
52,sele0606,151284,q1c,N,1,
60,sele0606,151449,q1c,N,1,
68,sele0606,151614,q1c,N,1,
76,sele0606,151781,q1c,N,1,
84,sele0606,151948,q1c,N,1,
92,sele0606,152116,q1c,N,1,
100,sele0606,152284,q1c,N,1,
108,sele0606,152452,q1c,N,1,
116,sele0606,152621,q1c,N,1,
124,sele0606,152787,q1c,N,1,
132,sele0606,152952,q1c,N,1,
140,sele0606,153117,q1c,N,1,
148,sele0606,153286,q1c,N,1,
156,sele0606,153455,q1c,N,1,
164,sele0606,153624,q1c,N,1,
172,sele0606,153793,q1c,N,1,
180,sele0606,153963,q1c,N,1,
188,sele0606,154130,q1c,N,1,
196,sele0606,154296,q1c,N,1,
204,sele0606,154462,q1c,N,1,
212,sele0606,154628,q1c,N,1,
220,sele0606,154792,q1c,N,1,
228,sele0606,154956,q1c,N,1,
236,sele0606,155119,q1c,N,1,
4,sele0607,150232,q1c,N,1,
14,sele0607,150413,q1c,N,1,
22,sele0607,150593,q1c,N,1,
30,sele0607,150771,q1c,N,1,
40,sele0607,150949,q1c,N,1,
48,sele0607,151126,q1c,N,1,
56,sele0607,151303,q1c,N,1,
64,sele0607,151478,q1c,N,1,
72,sele0607,151653,q1c,N,1,
80,sele0607,151826,q1c,N,1,
88,sele0607,151999,q1c,N,1,
96,sele0607,152173,q1c,N,1,
104,sele0607,152346,q1c,N,1,
112,sele0607,152519,q1c,N,1,
120,sele0607,152693,q1c,N,1,
128,sele0607,152868,q1c,N,1,
138,sele0607,153043,q1c,N,1,
146,sele0607,153216,q1c,N,1,
154,sele0607,153393,q1c,N,1,
162,sele0607,153567,q1c,N,1,
170,sele0607,153740,q1c,N,1,
178,sele0607,153915,q1c,N,1,
186,sele0607,154091,q1c,N,1,
194,sele0607,154266,q1c,N,1,
202,sele0607,154442,q1c,N,1,
210,sele0607,154619,q1c,N,1,
218,sele0607,154797,q1c,N,1,
226,sele0607,154976,q1c,N,1,
234,sele0607,155155,q1c,N,1,
242,sele0607,155335,q1c,N,1,
4,sele0609,150326,q1c,N,1,
13,sele0609,150536,q1c,N,1,
22,sele0609,150746,q1c,N,1,
31,sele0609,150955,q1c,N,1,
40,sele0609,151164,q1c,N,1,
49,sele0609,151370,q1c,N,1,
58,sele0609,151580,q1c,N,1,
67,sele0609,151788,q1c,N,1,
76,sele0609,151992,q1c,N,1,
85,sele0609,152193,q1c,N,1,
94,sele0609,152395,q1c,N,1,
103,sele0609,152595,q1c,N,1,
112,sele0609,152798,q1c,N,1,
121,sele0609,153001,q1c,N,1,
130,sele0609,153199,q1c,N,1,
139,sele0609,153401,q1c,N,1,
148,sele0609,153603,q1c,N,1,
157,sele0609,153805,q1c,N,1,
166,sele0609,154008,q1c,N,1,
175,sele0609,154209,q1c,N,1,
184,sele0609,154417,q1c,N,1,
193,sele0609,154626,q1c,N,1,
202,sele0609,154831,q1c,N,1,
211,sele0609,155037,q1c,N,1,
220,sele0609,155235,q1c,N,1,
229,sele0609,155438,q1c,N,1,
238,sele0609,155638,q1c,N,1,
247,sele0609,155841,q1c,N,1,
256,sele0609,156039,q1c,N,1,
265,sele0609,156239,q1c,N,1,
4,sele0612,150469,q1c,N,1,
13,sele0612,150783,q1c,N,1,
22,sele0612,151101,q1c,N,1,
31,sele0612,151418,q1c,N,1,
40,sele0612,151736,q1c,N,1,
49,sele0612,152054,q1c,N,1,
58,sele0612,152376,q1c,N,1,
67,sele0612,152695,q1c,N,1,
76,sele0612,153014,q1c,N,1,
85,sele0612,153331,q1c,N,1,
94,sele0612,153643,q1c,N,1,
103,sele0612,153961,q1c,N,1,
112,sele0612,154275,q1c,N,1,
121,sele0612,154595,q1c,N,1,
130,sele0612,154915,q1c,N,1,
139,sele0612,155236,q1c,N,1,
148,sele0612,155560,q1c,N,1,
157,sele0612,155884,q1c,N,1,
166,sele0612,156208,q1c,N,1,
175,sele0612,156534,q1c,N,1,
184,sele0612,156850,q1c,N,1,
193,sele0612,157166,q1c,N,1,
202,sele0612,157487,q1c,N,1,
211,sele0612,157801,q1c,N,1,
220,sele0612,158117,q1c,N,1,
229,sele0612,158429,q1c,N,1,
238,sele0612,158737,q1c,N,1,
247,sele0612,159048,q1c,N,1,
256,sele0612,159357,q1c,N,1,
265,sele0612,159669,q1c,N,1,
4,sele0704,150220,q1c,N,1,
14,sele0704,150425,q1c,N,1,
24,sele0704,150632,q1c,N,1,
34,sele0704,150840,q1c,N,1,
44,sele0704,151044,q1c,N,1,
54,sele0704,151252,q1c,N,1,
64,sele0704,151458,q1c,N,1,
74,sele0704,151664,q1c,N,1,
84,sele0704,151876,q1c,N,1,
94,sele0704,152082,q1c,N,1,
104,sele0704,152291,q1c,N,1,
115,sele0704,152496,q1c,N,1,
126,sele0704,152702,q1c,N,1,
137,sele0704,152907,q1c,N,1,
148,sele0704,153107,q1c,N,1,
157,sele0704,153307,q1c,N,1,
168,sele0704,153506,q1c,N,1,
179,sele0704,153704,q1c,N,1,
190,sele0704,153900,q1c,N,1,
201,sele0704,154092,q1c,N,1,
212,sele0704,154285,q1c,N,1,
223,sele0704,154477,q1c,N,1,
234,sele0704,154671,q1c,N,1,
245,sele0704,154874,q1c,N,1,
256,sele0704,155078,q1c,N,1,
267,sele0704,155285,q1c,N,1,
278,sele0704,155498,q1c,N,1,
289,sele0704,155707,q1c,N,1,
300,sele0704,155912,q1c,N,1,
311,sele0704,156119,q1c,N,1,
